NPC ID 1,NPC ID 2,NPC ID 3,NPC ID (Phase 2),NPC ID (HP),SpEffect ID,SpEffect ID (NG+),Encounter Name,Encounter HP,Runes,Actual Name 1,Name 1,HP,Defense,Standard Negation,Slash Negation,Strike Negation,Pierce Negation,Magic Negation,Fire Negation,Lightning Negation,Holy Negation,Poison,Rot,Blood,Frost,Sleep,Madness,Death Blight,Poise,Region,Location,Nearest Grace,Only Spawns at Night
43113906,-,-,-,-,7000,7400,Soldier of Godrick,384,400,Soldier of Godrick,Soldier of Godrick,384,100,0,10,0,-10,0,0,-20,0,168,168,224,224,224,IMMUNE,IMMUNE,15,Limgrave,Cave of Knowledge,Cave of Knowledge,No
43400910,-,-,-,-,7010,7410,Mad Pumpkin Head,"1,328","1,100",Mad Pumpkin Head,Mad Pumpkin Head,"1,328",101,0,-10,10,0,0,0,-20,0,226,226,169,169,310,IMMUNE,IMMUNE,65,Limgrave,Waypoint Ruins,Agheel Lake South,No
39701910,-,-,-,-,7010,7410,Beastman of Farum Azula,"1,417","1,000",Beastman of Farum Azula,Beastman of Farum Azula,"1,417",101,0,-10,0,0,0,-20,20,0,226,226,310,310,169,IMMUNE,IMMUNE,65,Limgrave,Groveside Cave,Groveside Cave,No
21001010,-,-,-,-,7010,7410,Black Knife Assassin (Limgrave),"1,668","1,600",Black Knife Assassin,Black Knife Assassin (Limgrave),"1,668",101,10,10,10,35,20,20,20,40,IMMUNE,IMMUNE,IMMUNE,310,IMMUNE,IMMUNE,IMMUNE,80,Limgrave,Deathtouched Catacombs,Deathtouched Catacombs,No
34001110,-,-,-,-,7010,7410,Grave Warden Duelist (Limgrave),"2,190","1,700",Grave Warden Duelist,Grave Warden Duelist (Limgrave),"2,190",101,0,-10,0,0,0,0,0,0,226,226,169,226,226,IMMUNE,IMMUNE,65,Limgrave,Murkwater Catacombs,Murkwater Catacombs,No
42600110,-,-,-,-,7010,7410,Erdtree Burial Watchdog (Stormfoot Catacombs),"1,200","1,300",Erdtree Burial Watchdog,Erdtree Burial Watchdog (Stormfoot Catacombs),"1,200",101,35,35,10,35,40,40,40,40,IMMUNE,IMMUNE,IMMUNE,IMMUNE,IMMUNE,IMMUNE,IMMUNE,80,Limgrave,Stormfoot Catacombs,Stormfoot Catacombs,No
41200910,41200910,-,-,-,7010,7410,Demi-Human Chief Duo,"2,436","1,200",Demi-Human Chief,Demi-Human Chief #1,"1,218",101,-10,-40,-10,-10,-20,-20,-20,-20,169,169,226,226,169,IMMUNE,IMMUNE,65,Limgrave,Coastal Cave Dungeon,Coastal Cave,No
46030910,-,-,-,-,7010,7410,Stonedigger Troll (Limgrave),"1,295","1,800",Stonedigger Troll,Stonedigger Troll (Limgrave),"1,295",101,35,35,10,35,0,20,20,0,508,310,310,310,40,IMMUNE,IMMUNE,45,Limgrave,Limgrave Tunnels,Limgrave Tunnels,No
46600910,-,-,-,-,7010,7410,Guardian Golem,"5,974","1,700",Guardian Golem,Guardian Golem,"5,974",101,10,10,0,10,20,40,40,40,IMMUNE,IMMUNE,IMMUNE,IMMUNE,IMMUNE,IMMUNE,IMMUNE,120,Limgrave,Highroad Cave,Highroad Cave,No
36640012,-,-,-,-,7020,7420,Cemetery Shade (Limgrave),781,"2,200",Cemetery Shade,Cemetery Shade (Limgrave),781,102,10,10,10,35,0,0,0,-20,IMMUNE,IMMUNE,IMMUNE,IMMUNE,IMMUNE,IMMUNE,IMMUNE,70,Limgrave,Tombsward Catacombs,Tombsward Catacombs,No
34510912,-,-,-,-,7020,7420,Scaly Misbegotten,"1,360","2,000",Scaly Misbegotten,Scaly Misbegotten,"1,360",102,0,10,0,-10,0,-20,0,0,227,227,227,227,227,IMMUNE,IMMUNE,65,Limgrave,Morne Tunnel,Morne Tunnel,No
42600512,-,-,-,-,7020,7420,Erdtree Burial Watchdog (Impaler's Catacombs),"1,347","2,400",Erdtree Burial Watchdog,Erdtree Burial Watchdog (Impaler's Catacombs),"1,347",102,35,35,10,35,40,40,40,40,IMMUNE,IMMUNE,IMMUNE,IMMUNE,IMMUNE,IMMUNE,IMMUNE,80,Limgrave,Impaler's Catacombs,Impaler's Catacombs,No
44800912,-,-,-,-,7020,7420,Miranda the Blighted Bloom (Limgrave),"2,483","2,100",Miranda the Blighted Bloom,Miranda the Blighted Bloom (Limgrave),"2,483",102,0,-40,35,0,0,-40,40,40,1102,512,512,128,227,IMMUNE,IMMUNE,100,Limgrave,Tombsward Cave,Tombsward Cave,No
46300912,-,-,-,-,7020,7420,Runebear,"3,311","2,600",Runebear,Runebear,"3,311",102,0,-10,0,0,30,-20,0,0,313,313,512,512,170,IMMUNE,IMMUNE,80,Limgrave,Earthbore Cave,Earthbore Cave,No
42900010,-,-,-,-,7030,7430,Bloodhound Knight Darriwil,"1,450","1,900",Bloodhound Knight Darriwil,Bloodhound Knight Darriwil,"1,450",103,10,10,10,0,0,0,-20,0,316,316,316,316,229,IMMUNE,IMMUNE,65,Limgrave,Forlorn Hound Evergaol,Agheel Lake South,No
34600913,-,-,-,-,7030,7430,Leonine Misbegotten,"2,199","3,800",Leonine Misbegotten,Leonine Misbegotten,"2,199",103,10,0,10,10,20,0,20,20,316,316,316,316,316,IMMUNE,IMMUNE,80,Limgrave,Castle Morne,Beside the Rampart Gaol,No
25000010,-,-,-,-,7030,7430,Crucible Knight (Limgrave),"2,782","2,100",Crucible Knight,Crucible Knight (Limgrave),"2,782",103,35,35,35,35,40,20,20,40,517,517,IMMUNE,517,517,IMMUNE,IMMUNE,80,Limgrave,Stormhill Evergaol,Stormhill Shack or Gatefront,No
31500010,-,-,-,-,7030,7430,Night's Cavalry (Agheel Lake North),"1,665","2,400",Night's Cavalry,Night's Cavalry (Agheel Lake North),"1,665",103,35,35,35,10,40,40,20,40,316,316,517,517,IMMUNE,IMMUNE,IMMUNE,80,Limgrave,Limgrave,Agheel Lake North,Yes
31000010,-,-,-,-,7030,7430,Bell Bearing Hunter (Limgrave),"2,495","2,700",Bell Bearing Hunter,Bell Bearing Hunter (Limgrave),"2,495",103,35,35,35,10,40,40,20,40,316,316,517,517,316,IMMUNE,IMMUNE,80,Limgrave,Limgrave,Warmaster's Shack,Yes
32510010,-,-,-,-,7030,7430,Tree Sentinel,"2,889","3,200",Tree Sentinel,Tree Sentinel,"2,889",103,10,35,10,10,20,40,0,40,316,316,517,517,316,IMMUNE,IMMUNE,80,Limgrave,Limgrave,The First Step,No
49500010,-,-,-,-,7030,7430,Tibia Mariner (Limgrave),"3,176","2,400",Tibia Mariner,Tibia Mariner (Limgrave),"3,176",103,10,10,-40,35,20,20,40,-40,IMMUNE,316,IMMUNE,IMMUNE,IMMUNE,IMMUNE,IMMUNE,80,Limgrave,Summonwater Village,Summonwater Village Outskirts,No
49800010,-,-,-,-,7030,7430,Deathbird (Warmaster's Shack),"3,442","2,800",Deathbird,Deathbird (Warmaster's Shack),"3,442",103,10,10,-40,35,20,20,40,-40,IMMUNE,517,IMMUNE,IMMUNE,IMMUNE,IMMUNE,IMMUNE,120,Limgrave,Limgrave,Warmaster's Shack,Yes
21300014,-,-,-,-,7030,7430,"Margit, the Fell Omen","4,174","12,000","Margit, the Fell Omen","Margit, the Fell Omen","4,174",103,0,-10,0,0,0,0,0,40,316,316,316,316,IMMUNE,IMMUNE,IMMUNE,80,Limgrave,Stormveil Castle,Castleward Tunnel,No
31501012,-,-,-,-,7040,7440,Night's Cavalry (Weeping Penisula),"1,823","3,400",Night's Cavalry,Night's Cavalry (Weeping Penisula),"1,823",105,35,35,35,10,40,40,20,40,318,318,521,521,IMMUNE,IMMUNE,IMMUNE,80,Limgrave,Weeping Penisula,Castle Morne Rampart,Yes
71000012,-,-,-,-,7040,7440,Ancient Hero of Zamor (Limgrave),"2,570","5,400",Ancient Hero of Zamor,Ancient Hero of Zamor (Limgrave),"2,570",105,10,10,10,0,0,-20,-20,0,318,318,521,1121,231,IMMUNE,IMMUNE,80,Limgrave,Weeping Evergaol,Fourth Church or Marika,No
48100012,-,-,-,-,7040,7440,Erdtree Avatar (Limgrave),"3,163","3,600",Erdtree Avatar,Erdtree Avatar (Limgrave),"3,163",105,10,10,0,10,20,-40,20,40,318,318,IMMUNE,231,IMMUNE,IMMUNE,IMMUNE,120,Limgrave,Weeping Penisula,Church of Pilgrimage,No
49800012,-,-,-,-,7040,7440,Deathbird (Weeping Penisula),"3,769","3,900",Deathbird,Deathbird (Weeping Penisula),"3,769",105,10,10,-40,35,20,20,40,-40,IMMUNE,521,IMMUNE,IMMUNE,IMMUNE,IMMUNE,IMMUNE,120,Limgrave,Weeping Penisula,Castle Morne Rampart,Yes
47500014,-,-,-,-,7040,7440,Godrick the Grafted,"6,080","20,000",Godrick the Grafted,Godrick the Grafted,"6,080",105,0,0,0,0,20,20,20,40,318,318,318,318,318,IMMUNE,IMMUNE,105,Limgrave,Stormveil Castle,Secluded Cell,No
45000010,-,-,-,-,7050,7450,Flying Dragon Agheel,"3,200","5,000",Flying Dragon Agheel,Flying Dragon Agheel,"3,200",106,35,35,35,10,40,40,40,40,526,526,526,526,IMMUNE,IMMUNE,IMMUNE,120,Limgrave,Limgrave,Seaside Ruins,No
46500960,-,-,-,-,7050,7450,Dragonkin Soldier of Nokstella,"4,372","12,000",Dragonkin Soldier of Nokstella,Dragonkin Soldier of Nokstella,"4,372",106,10,0,10,10,20,20,40,20,526,526,526,1131,IMMUNE,IMMUNE,IMMUNE,120,Ainsel River,Ainsel River,Ainsel River Downstream,No
36640920,-,-,-,-,7060,7460,Cemetery Shade (Liurnia),691,"3,500",Cemetery Shade,Cemetery Shade (Liurnia),691,107,10,10,10,35,0,0,0,-20,IMMUNE,IMMUNE,IMMUNE,IMMUNE,IMMUNE,IMMUNE,IMMUNE,70,Liurnia,Black Knife Catacombs,Black Knife Catacombs,No
33500920,-,-,-,-,7060,7460,Crystalian (Raya Lucaria Crystal Tunnel),"1,595","3,000",Crystalian,Crystalian (Raya Lucaria Crystal Tunnel),"1,595",107,10,35,10,35,40,40,40,40,530,530,IMMUNE,530,IMMUNE,IMMUNE,IMMUNE,70,Liurnia,Raya Lucaria Crystal Tunnel,Raya Lucaria Crystal Tunnel,No
41402920,-,-,-,-,7060,7460,Spiritcaller Snail (Liurnia),"1,722","3,000",Spiritcaller Snail,Spiritcaller Snail (Liurnia),"1,722",107,-10,-40,-10,-10,40,0,-20,0,176,176,176,132,132,IMMUNE,IMMUNE,60,Liurnia,Road's End Catacombs,Road's End Catacombs,No
38000920,-,-,-,-,7060,7460,Cleanrot Knight,"1,980","3,300",Cleanrot Knight,Cleanrot Knight,"1,980",107,10,35,10,0,20,-20,0,40,IMMUNE,530,324,324,235,IMMUNE,IMMUNE,65,Liurnia,Stillwater Cave,Stillwater Cave,No
42900920,-,-,-,-,7060,7460,Bloodhound Knight,"1,985","3,600",Bloodhound Knight,Bloodhound Knight,"1,985",107,10,10,10,0,0,0,-20,0,324,324,324,324,235,IMMUNE,IMMUNE,65,Liurnia,Lakeside Crystal Cave,Lakeside Crystal Cave,No
40200920,-,-,-,-,7060,7460,Royal Revenant,"3,077","3,100",Royal Revenant,Royal Revenant,"3,077",107,0,-10,0,0,0,0,0,40,324,324,324,324,IMMUNE,IMMUNE,IMMUNE,70,Liurnia,Kingsrealm Ruins,Road to the Manor,No
33501920,33502920,-,-,-,7060,7460,Crystalian Duo (Liurnia),"3,190","3,300",Crystalian (Spear),"Crystalian (Spear, Academy Crystal Cave)","1,595",107,10,35,10,35,40,40,40,40,530,530,IMMUNE,530,IMMUNE,IMMUNE,IMMUNE,70,Liurnia,Academy Crystal Cave,Academy Crystal Cave,No
21000820,-,-,-,-,7060,7460,Black Knife Assassin (Liurnia),"3,312","4,200",Black Knife Assassin,Black Knife Assassin (Liurnia),"3,312",107,10,10,10,35,20,20,20,40,IMMUNE,IMMUNE,IMMUNE,324,IMMUNE,IMMUNE,IMMUNE,80,Liurnia,Black Knife Catacombs,Black Knife Catacombs,No
31811024,-,-,-,-,7060,7460,Red Wolf of Radagon,"2,204","14,000",Red Wolf of Ragadon,Red Wolf of Ragadon,"2,204",107,0,-10,0,0,40,20,20,20,324,324,530,530,324,IMMUNE,IMMUNE,120,Liurnia,Academy of Raya Lucaria,Schoolhouse Classroom,No
42601920,-,-,-,-,7060,7460,Erdtree Burial Watchdog (Liurnia),"2,383","3,200",Erdtree Burial Watchdog,Erdtree Burial Watchdog (Liurnia),"2,383",107,35,35,10,35,40,40,40,40,IMMUNE,IMMUNE,IMMUNE,IMMUNE,IMMUNE,IMMUNE,IMMUNE,80,Liurnia,Cliffbottom Catacombs,Cliffbottom Catacombs,No
46900008,-,-,-,-,7060,7460,Grafted Scion,"2,596","3,200",Grafted Scion,Grafted Scion,"2,596",107,0,-10,0,0,20,20,20,20,324,324,235,235,235,IMMUNE,IMMUNE,80,Limgrave,Chapel of Anticipation,Four Belfries (Start of the Game),No
32520921,-,-,-,-,7060,7460,Royal Knight Loretta,"4,214","10,000",Royal Knight Loretta,Royal Knight Loretta,"4,214",107,10,10,10,10,40,40,0,20,IMMUNE,IMMUNE,IMMUNE,IMMUNE,IMMUNE,IMMUNE,IMMUNE,80,Liurnia,Caria Manor,Manor Upper Level,No
46700964,-,-,-,-,7060,7460,Ancestor Spirit,"4,393","13,000",Ancestor Spirit,Ancestor Spirit,"4,393",107,0,-10,0,0,20,-20,0,-20,1140,1140,1140,1140,IMMUNE,IMMUNE,IMMUNE,120,Siofra River,Siofra River,Siofra River Bank,No
46400007,-,-,-,-,7060,7460,Ulcerated Tree Spirit (Limgrave),"6,147","15,000",Ulcerated Tree Spirit,Ulcerated Tree Spirit (Limgrave),"6,147",107,0,0,0,0,20,-20,20,40,530,530,530,235,IMMUNE,IMMUNE,IMMUNE,120,Limgrave,Fringefolk Hero's Grave,Stranded Graveyard,No
36640040,-,-,-,-,7070,7470,Cemetery Shade (Caelid),"1,467","6,800",Cemetery Shade,Cemetery Shade (Caelid),"1,467",109,10,10,10,35,0,0,0,-20,IMMUNE,IMMUNE,IMMUNE,IMMUNE,IMMUNE,IMMUNE,IMMUNE,70,Caelid,Caelid Catacombs,Caelid Catacombs,No
33001940,33000940,-,-,-,7070,7470,Nox Swordstress and Nox Priest,"3,262","6,400",Nox Swordstress,Nox Swordstress,"1,631",109,0,-10,0,0,20,0,0,-20,326,326,326,326,237,IMMUNE,IMMUNE,65,Caelid,"Sellia, Town of Sorcery",Sellia Under-Stair,No
38000940,38001940,-,-,-,7070,7470,Cleanrot Knight Duo,"4,204","7,000",Cleanrot Knight (Spear),Cleanrot Knight (Spear),"2,102",109,10,35,10,0,20,-20,0,40,534,IMMUNE,326,326,237,IMMUNE,IMMUNE,65,Caelid,Abandoned Cave,Abandoned Cave,No
43401940,43400940,-,-,-,7070,7470,Mad Pumpkin Head Duo,"5,600","6,300",Mad Pumpkin Head (Hammer),Mad Pumpkin Head (Hammer),"2,800",109,0,-10,10,0,0,0,-20,0,237,237,178,178,326,IMMUNE,IMMUNE,65,Caelid,Caelem Ruins,Caelem Ruins,No
34000940,-,-,-,-,7070,7470,Frenzied Duelist,"3,079","6,700",Frenzied Duelist,Frenzied Duelist,"3,079",109,0,-10,0,0,0,0,0,0,237,237,178,237,237,IMMUNE,IMMUNE,65,Caelid,Gaol Cave,Gaol Cave,No
46801940,-,-,-,-,7070,7470,Fallingstar Beast (Caelid),"4,554","7,600",Fallingstar Beast,Fallingstar Beast (Caelid),"4,554",109,35,35,35,35,20,20,20,20,534,534,IMMUNE,IMMUNE,IMMUNE,IMMUNE,IMMUNE,100,Caelid,Sellia Crystal Tunnel,Sellia Crystal Tunnel,No
33502940,33500940,33501940,-,-,7070,7470,Putrid Crystalian Trio,"10,074","7,100",Putrid Crystalian (Staff),Putrid Crystalian (Staff),"3,358",109,10,35,10,35,40,40,40,40,1150,IMMUNE,IMMUNE,534,IMMUNE,IMMUNE,IMMUNE,70,Caelid,Sellia Hideaway,Sellia Hideaway,No
42601940,42600940,-,-,-,7070,7470,Erdtree Burial Watchdog Duo,"5,062","7,400",Erdtree Burial Watchdog (Scepter),Erdtree Burial Watchdog (Scepter),"2,531",109,35,35,10,35,40,40,40,40,IMMUNE,IMMUNE,IMMUNE,IMMUNE,IMMUNE,IMMUNE,IMMUNE,80,Caelid,Minor Erdtree Catacombs,Minor Erdtree Catacombs,No
49100940,-,-,-,-,7070,7470,Magma Wyrm (Caelid),"7,141","7,500",Magma Wyrm,Magma Wyrm (Caelid),"7,141",109,10,35,10,10,40,80,40,40,534,534,534,1150,237,IMMUNE,IMMUNE,120,Caelid,Gael Tunnel,Gael Tunnel,No
49100026,-,-,-,-,7070,7470,Magma Wyrm Makar,"7,141","24,000",Magma Wyrm Makar,Magma Wyrm Makar,"7,141",109,10,35,10,10,40,80,40,40,534,534,534,1150,237,IMMUNE,IMMUNE,120,Altus Plateau,Hidden Passage,Ruin-Strewn Precipice Overlook,No
20300024,-,-,20310024,-,7070,7470,"Rennala, Queen of the Full Moon","7,590","40,000","Rennala, Queen of the Full Moon","Rennala, Queen of the Full Moon","3,493",109,-10,-10,0,-10,80,20,20,20,326,326,326,326,IMMUNE,IMMUNE,IMMUNE,-1,Liurnia,Academy of Raya Lucaria,Debate Parlor,No
48200920,-,-,-,-,7080,7480,Omenkiller (Liurnia),"2,306","4,900",Omenkiller,Omenkiller (Liurnia),"2,306",110,0,0,0,0,20,40,20,20,539,539,239,239,179,IMMUNE,IMMUNE,75,Liurnia,Village of the Albinaurics,Village of the Albinaurics,No
35500930,-,-,-,-,7080,7480,Sanguine Noble,"3,128","8,800",Sanguine Noble,Sanguine Noble,"3,128",110,0,-10,0,0,20,40,20,20,239,239,179,239,329,IMMUNE,IMMUNE,65,Altus Plateau,Altus Plateau,Road of Iniquity Side Path,No
33501930,33500930,-,-,-,7080,7480,Crystalian Duo (Altus Plateau),"3,784","9,000",Crystalian (Spear),"Crystalian (Spear, Altus Tunnel)","1,892",110,10,35,10,35,40,40,40,40,539,539,IMMUNE,539,IMMUNE,IMMUNE,IMMUNE,70,Altus Plateau,Altus Tunnel,Altus Tunnel,No
21000930,-,-,-,-,7080,7480,Black Knife Assassin (Sage's Cave),"1,964","9,000",Black Knife Assassin,Black Knife Assassin (Sage's Cave),"3,929",110,10,10,10,35,20,20,20,40,IMMUNE,IMMUNE,IMMUNE,329,IMMUNE,IMMUNE,IMMUNE,80,Altus Plateau,Sage's Cave,Sage's Cave,No
36001920,-,-,-,-,7080,7480,Onyx Lord (Liurnia),"4,058","3,600",Onyx Lord,Onyx Lord (Liurnia),"4,058",110,10,10,10,10,20,20,20,20,329,329,329,IMMUNE,239,IMMUNE,IMMUNE,65,Liurnia,Royal Grave Evergaol,Behind Caria Manor,No
37011930,34600930,-,-,-,7080,7480,Perfumer Tricia and Misbegotten Warrior,"4,558","9,400",Perfumer Tricia,Perfumer Tricia,989,110,0,0,10,0,40,40,40,0,539,539,179,179,179,IMMUNE,IMMUNE,65,Altus Plateau,Unsightly Catacombs,Unsightly Catacombs,No
31500020,-,-,-,-,7080,7480,Night's Cavalry (Gate Town Bridge),"2,704","5,600",Night's Cavalry,Night's Cavalry (Gate Town Bridge),"2,704",110,35,35,35,10,40,40,20,40,329,329,539,539,IMMUNE,IMMUNE,IMMUNE,80,Liurnia,Liurnia,Gate Town Bridge,Yes
31500020,-,-,-,-,7080,7480,Night's Cavalry (Bellum Church),"2,704","5,600",Night's Cavalry,Night's Cavalry (Bellum Church),"2,704",110,35,35,35,10,40,40,20,40,329,329,539,539,IMMUNE,IMMUNE,IMMUNE,80,Liurnia,Liurnia,Bellum Church,Yes
46030930,-,-,-,-,7080,7480,Stonedigger Troll (Altus Plateau),"3,050","9,600",Stonedigger Troll,Stonedigger Troll (Altus Plateau),"3,050",110,35,35,10,35,0,20,20,0,539,329,329,329,42,IMMUNE,IMMUNE,45,Altus Plateau,Old Altus Tunnel,Old Altus Tunnel,No
41301030,-,-,-,-,7080,7480,Demi-Human Queen Gilika,"3,284","8,500",Demi-Human Queen Gilika,Demi-Human Queen Gilika,"3,284",110,0,-10,0,0,0,-20,0,0,179,179,239,239,239,IMMUNE,IMMUNE,80,Altus Plateau,Altus Plateau,Erdtree Gazing Hill,No
71000030,-,-,-,-,7080,7480,Ancient Hero of Zamor (Altus Plateau),"3,811","20,000",Ancient Hero of Zamor,Ancient Hero of Zamor (Altus Plateau),"3,811",110,10,10,10,0,0,-20,-20,0,329,329,539,1159,239,IMMUNE,IMMUNE,80,Altus Plateau,Sainted Hero's Grave,Sainted Hero's Grave,No
34600941,25000941,-,-,-,7080,7480,Misbegotten Warrior and Crucible Knight,"8,084","16,000",Misbegotten Warrior,Misbegotten Warrior (Caelid),"3,569",110,10,0,10,10,20,0,20,20,329,329,329,329,329,IMMUNE,IMMUNE,80,Caelid,Redmane Castle,Chamber Outside the Plaza,No
31000020,-,-,-,-,7080,7480,Bell Bearing Hunter (Liurnia),"4,050","6,000",Bell Bearing Hunter,Bell Bearing Hunter (Liurnia),"4,050",110,35,35,35,10,40,40,20,40,329,329,539,539,329,IMMUNE,IMMUNE,80,Liurnia,Liurnia,Church of Vows,Yes
45021920,-,-,-,-,7080,7480,Glintstone Dragon Adula (Ranni's Rise),"4,405",0,Glintstone Dragon Adula,Glintstone Dragon Adula (Ranni's Rise),"4,405",110,35,35,35,10,80,40,40,40,539,539,539,539,IMMUNE,IMMUNE,IMMUNE,120,Liurnia,Liurnia,Ranni's Rise,No
48100020,-,-,-,-,7080,7480,Erdtree Avatar (Mausoleum Compound),"4,690","5,800",Erdtree Avatar,Erdtree Avatar (Mausoleum Compound),"4,690",110,10,10,0,10,20,-40,20,40,329,329,IMMUNE,239,IMMUNE,IMMUNE,IMMUNE,120,Liurnia,Liurnia,Mausoleum Compound,No
48100920,-,-,-,-,7080,7480,Erdtree Avatar (Revenger's Shack),"4,690","5,800",Erdtree Avatar,Erdtree Avatar (Revenger's Shack),"4,690",110,10,10,0,10,20,-40,20,40,329,329,IMMUNE,239,IMMUNE,IMMUNE,IMMUNE,120,Liurnia,Liurnia,Revenger's Shack,No
46010920,-,-,-,-,7080,7480,"Bols, Carian Knight","5,109","4,600","Bols, Carian Knight","Bols, Carian Knight","5,109",110,0,-10,0,0,20,0,0,0,239,239,239,329,42,IMMUNE,IMMUNE,65,Liurnia,Cuckoo's Evergaol,Temple Quarter,No
49500020,-,-,-,-,7080,7480,Tibia Mariner (Liurnia),"5,155","4,700",Tibia Mariner,Tibia Mariner (Liurnia),"5,155",110,10,10,-40,35,20,20,40,-40,IMMUNE,329,IMMUNE,IMMUNE,IMMUNE,IMMUNE,IMMUNE,80,Liurnia,Liurnia,Artist's Shack,No
49800020,-,-,-,-,7080,7480,Deathbird (Liurnia),"5,588","6,600",Deathbird,Deathbird (Liurnia),"5,588",110,10,10,-40,35,20,20,40,-40,IMMUNE,539,IMMUNE,IMMUNE,IMMUNE,IMMUNE,IMMUNE,120,Liurnia,Liurnia,Scenic Isle,Yes
48200930,44800930,-,-,-,7080,7480,Omenkiller and Miranda the Blighted Bloom,"7,518","8,400",Omenkiller,Omenkiller (Altus Plateau),"2,306",110,0,0,0,0,20,40,20,20,539,539,239,239,179,IMMUNE,IMMUNE,75,Altus Plateau,Perfumer's Grotto,Perfumer's Grotto,No
49801020,-,-,-,-,7080,7480,Death Rite Bird (Liurnia),"6,577","7,800",Death Rite Bird,Death Rite Bird (Liurnia),"6,577",110,10,10,-40,35,20,20,40,-40,IMMUNE,539,IMMUNE,IMMUNE,IMMUNE,IMMUNE,IMMUNE,120,Liurnia,Liurnia,Gate Town North,Yes
44701938,44700938,-,-,-,7080,7480,Abductor Virgin Duo,"7,622","10,000",Abductor Virgin (Wheel),Abductor Virgin (Wheel),"3,811",110,10,10,0,10,0,20,-20,20,IMMUNE,IMMUNE,IMMUNE,IMMUNE,IMMUNE,IMMUNE,IMMUNE,65,Mt. Gelmir,Mt. Gilmir,Subterranean Inquisition Chamber,No
38100932,38102932,-,-,-,7090,7490,Kindred of Rot Duo,"4,068","10,000",Kindred of Rot,Kindred of Rot #1,"2,034",111,0,10,0,0,0,-20,0,0,543,543,181,181,181,IMMUNE,IMMUNE,30,Mt. Gelmir,Seethewater Cave,Seethewater Cave,No
37040940,-,-,-,-,7090,7490,Battlemage Hugues,"4,095","7,800",Battlemage Hugues,Battlemage Hugues,"4,095",111,0,0,10,0,40,20,20,0,181,181,241,241,241,IMMUNE,IMMUNE,65,Caelid,Sellia Evergaol,Dragonbarrow West,No
36001933,-,-,-,-,7090,7490,Onyx Lord (Altus Plateau),"4,907","16,000",Onyx Lord,Onyx Lord (Altus Plateau),"4,907",111,10,10,10,10,20,20,20,20,332,332,332,IMMUNE,241,IMMUNE,IMMUNE,65,Altus Plateau,Sealed Tunnel,Sealed Tunnel,No
34001133,-,-,-,-,7090,7490,Grave Warden Duelist,"6,240","1,700",Grave Warden Duelist,Grave Warden Duelist,"6,240",111,0,-10,0,0,0,0,0,0,241,241,181,241,241,IMMUNE,IMMUNE,65,Altus Plateau,Azuria Side Tomb,Azuria Side Tomb,No
31811032,-,-,-,-,7090,7490,Red Wolf of the Champion,"3,162","21,000",Red Wolf of the Champion,Red Wolf of the Champion,"3,162",111,0,-10,0,0,40,20,20,20,332,332,543,543,332,IMMUNE,IMMUNE,120,Mt. Gelmir,Gelmir Hero's Grave,Gelmir Hero's Grave,No
31501040,-,-,-,-,7090,7490,Night's Cavalry (Southern Aeonia Swamp Bank),"3,269","8,500",Night's Cavalry,Night's Cavalry (Southern Aeonia Swamp Bank),"3,269",111,35,35,35,10,40,40,20,40,332,332,543,543,IMMUNE,IMMUNE,IMMUNE,80,Caelid,Caelid,Southern Aeonia Swamp Bank,Yes
42602932,-,-,-,-,7090,7490,Erdtree Burial Watchdog (Altus Plateau),"3,419","12,000",Erdtree Burial Watchdog,Erdtree Burial Watchdog (Altus Plateau),"3,419",111,35,35,10,35,40,40,40,40,IMMUNE,IMMUNE,IMMUNE,IMMUNE,IMMUNE,IMMUNE,IMMUNE,80,Altus Plateau,Wyndham Catacombs,Wyndham Catacombs,No
41301932,-,-,-,-,7090,7490,Demi-Human Queen Margot,"3,971","11,000",Demi-Human Queen Margot,Demi-Human Queen Margot,"3,971",111,0,-10,0,0,0,-20,0,0,181,181,241,241,241,IMMUNE,IMMUNE,80,Mt. Gelmir,Volcano Cave,Volcano Cave,No
31000931,-,-,-,-,7090,7490,Elemer of the Briar,"4,897","24,000",Elemer of the Briar,Elemer of the Briar,"4,897",111,35,35,35,10,40,40,20,40,332,332,543,543,332,IMMUNE,IMMUNE,80,Altus Plateau,Shaded Castle,Shaded Castle Inner Gate,No
25001933,25000933,-,-,-,7090,7490,Crucible Knight and Crucible Knight Ordovis,"10,920","28,000",Crucible Knight,Crucible Knight (Altus Plateau),"5,460",111,35,35,35,35,40,20,20,40,543,543,IMMUNE,543,543,IMMUNE,IMMUNE,80,Altus Plateau,Azuria Hero's Grave,Azuria Hero's Grave,No
48110040,-,-,-,-,7090,7490,Putrid Avatar (Smoldering Church),"5,671","9,600",Putrid Avatar,Putrid Avatar (Smoldering Church),"5,671",111,10,10,0,10,20,-100,20,40,IMMUNE,IMMUNE,IMMUNE,332,IMMUNE,IMMUNE,IMMUNE,120,Caelid,Caelid,Smoldering Church,No
46700065,-,-,-,-,7090,7490,Regal Ancestor Spirit,"6,301","24,000",Regal Ancestor Spirit,Regal Ancestor Spirit,"6,301",111,0,-10,0,0,20,-20,0,-20,1169,1169,1169,1169,IMMUNE,IMMUNE,IMMUNE,120,Siofra River,Siofra River,Ancestral Woods,No
49801040,-,-,-,-,7090,7490,Death Rite Bird (Caelid),"7,952","15,000",Death Rite Bird,Death Rite Bird (Caelid),"7,952",111,10,10,-40,35,20,20,40,-40,IMMUNE,543,IMMUNE,IMMUNE,IMMUNE,IMMUNE,IMMUNE,120,Caelid,Caelid,Southern Aeonia Swamp Bank,Yes
30500140,-,-,-,-,7090,7490,Commander O'Neil,"9,210","12,000",Commander O'Neil,Commander O'Neil,"9,210",111,10,35,10,0,20,20,20,20,332,IMMUNE,332,332,332,IMMUNE,IMMUNE,90,Caelid,Caelid,Heart of Aeonia,No
47701165,47700165,-,-,-,7090,7490,Valiant Gargoyle Duo,"11,342","30,000",Valiant Gargoyle,Valiant Gargoyle,"5,671",111,10,35,0,35,20,40,40,40,IMMUNE,IMMUNE,IMMUNE,IMMUNE,IMMUNE,IMMUNE,IMMUNE,110,Siofra River,Siofra River,Aqueduct-Facing Cliffs,No
21000830,-,-,-,-,7100,7500,Black Knife Assassin (Sainted Hero's Grave),"5,413","10,800",Black Knife Assassin,Black Knife Assassin (Sainted Hero's Grave),"5,413",113,10,10,10,35,20,20,20,40,IMMUNE,IMMUNE,IMMUNE,334,IMMUNE,IMMUNE,IMMUNE,80,Altus Plateau,Altus Plateau,Sainted Hero's Grave,No
31501030,-,-,-,-,7100,7500,Night's Cavalry (Altus Plateau),"3,725","10,000",Night's Cavalry,Night's Cavalry (Altus Plateau),"3,725",113,35,35,35,10,40,40,20,40,334,334,548,548,IMMUNE,IMMUNE,IMMUNE,80,Altus Plateau,Altus Plateau,Altus Highway Junction,Yes
45800030,-,-,-,-,7100,7500,Wormface,"5,876","10,000",Wormface,Wormface,"5,876",113,0,-10,0,0,0,0,0,40,334,334,334,334,334,IMMUNE,IMMUNE,80,Altus Plateau,Altus Plateau,Bower of Bounty,No
45020920,-,-,-,-,7100,7500,Glintstone Dragon Smarag,"6,069","14,000",Glintstone Dragon Smarag,Glintstone Dragon Smarag,"6,069",113,35,35,35,10,80,40,40,40,548,548,548,548,IMMUNE,IMMUNE,IMMUNE,120,Liurnia,Liurnia,Temple Quarter,No
46801930,-,-,-,-,7100,7500,Fallingstar Beast (Altus Plateau),"7,009","11,000",Fallingstar Beast,Fallingstar Beast (Altus Plateau),"7,009",113,35,35,35,35,20,20,20,20,548,548,IMMUNE,IMMUNE,IMMUNE,IMMUNE,IMMUNE,100,Altus Plateau,Altus Plateau,Altus Highway Junction,No
35600030,-,-,-,-,7100,7500,Godskin Apostle (Altus Plateau),"7,528","14,000",Godskin Apostle,Godskin Apostle (Altus Plateau),"7,528",113,0,-10,10,0,20,40,20,40,334,334,243,334,243,IMMUNE,IMMUNE,80,Altus Plateau,Altus Plateau,Windmill Village,No
47300040,-,-,-,-,7100,7500,Starscourge Radahn,"9,572","70,000",Starscourge Radahn,Starscourge Radahn,"9,572",113,10,10,10,0,20,20,20,40,334,243,334,334,548,IMMUNE,IMMUNE,200,Caelid,Caelid,Chamber Outside the Plaza,No
32510030,32511030,-,-,-,7100,7500,Tree Sentinel Duo,"11,845","20,000",Tree Sentinel,"Tree Sentinel (Altus Plateau, Shield)","6,461",113,10,35,10,10,20,40,0,40,334,334,548,548,334,IMMUNE,IMMUNE,80,Altus Plateau,Altus Plateau,Outerwall Phantom Tree,No
47500030,-,-,-,-,7100,7500,Godefroy the Grafted,"12,419","26,000",Godefroy the Grafted,Godefroy the Grafted,"12,419",113,0,0,0,0,20,20,20,40,334,334,334,334,334,IMMUNE,IMMUNE,105,Altus Plateau,Golden Lineage Evergaol,Erdtree Gazing Hill,No
41300032,-,-,-,-,7110,7510,Demi-Human Queen Maggie,"7,515","13,000",Demi-Human Queen Maggie,Demi-Human Queen Maggie,"7,515",114,0,-10,0,0,0,-20,0,0,184,184,245,245,245,IMMUNE,IMMUNE,80,Mt. Gelmir,Mt. Gilmir,Craftsman's Shack,No
46500265,-,-,-,-,7110,7510,Dragonkin Soldier (Siofra River),"5,758","16,000",Dragonkin Soldier,Dragonkin Soldier (Siofra River),"5,758",114,10,0,10,10,20,20,40,20,552,552,552,1188,IMMUNE,IMMUNE,IMMUNE,120,Siofra River,Siofra River,Mimic Tear,No
31000033,-,-,-,-,7110,7510,Bell Bearing Hunter (Altus Plateau),"6,216","20,000",Bell Bearing Hunter,Bell Bearing Hunter (Altus Plateau),"6,216",114,35,35,35,10,40,40,20,40,337,337,552,552,337,IMMUNE,IMMUNE,80,Altus Plateau,Altus Plateau,Hermit Merchant's Shack,Yes
47200134,-,-,-,-,7110,7510,"Godfrey, First Elden Lord (Leyndell, Royal Capital)","7,099","80,000","Godfrey, First Elden Lord","Godfrey, First Elden Lord (Leyndell, Royal Capital)","7,099",114,10,10,10,0,20,20,0,40,IMMUNE,IMMUNE,IMMUNE,IMMUNE,552,IMMUNE,IMMUNE,120,"Leyndell, Royal Capital","Leyndell, Royal Capital",West Capital Rampart,No
49500032,-,-,-,-,7110,7510,Tibia Mariner (Altus Plateau),"7,911","14,000",Tibia Mariner,Tibia Mariner (Altus Plateau),"7,911",114,10,10,-40,35,20,20,40,-40,IMMUNE,337,IMMUNE,IMMUNE,IMMUNE,IMMUNE,IMMUNE,80,Altus Plateau,Altus Plateau,Erdtree Gazing Hill,No
32500033,-,-,-,-,7110,7510,Draconic Tree Sentinel,"8,398","50,000",Draconic Tree Sentinel,Draconic Tree Sentinel,"8,398",114,10,35,10,10,20,40,40,20,337,337,552,552,337,IMMUNE,IMMUNE,80,Altus Plateau,Altus Plateau,Outerwall Battleground,No
49800033,-,-,-,-,7110,7510,Deathbird (Altus Plateau),"8,575","29,000",Deathbird,Deathbird (Altus Plateau),"8,575",114,10,10,-40,35,20,20,40,-40,IMMUNE,552,IMMUNE,IMMUNE,IMMUNE,IMMUNE,IMMUNE,120,Altus Plateau,Altus Plateau,Hermit Merchant's Shack,Yes
35700038,-,-,-,-,7110,7510,Godskin Noble (Mt. Gelmir),"10,060","50,000",Godskin Noble,Godskin Noble (Mt. Gelmir),"10,060",114,0,-10,35,0,20,40,20,40,337,337,245,337,245,IMMUNE,IMMUNE,80,Mt. Gelmir,Volcano Manor,Guest Hall/Prison Town Church,No
21300534,-,-,-,-,7110,7510,"Morgott, the Omen King","10,399","120,000","Morgott, the Omen King","Morgott, the Omen King","10,399",114,0,-10,0,0,0,0,0,40,337,337,337,337,552,IMMUNE,IMMUNE,80,"Leyndell, Royal Capital","Leyndell, Royal Capital",The Queens Bedchamber,No
46200062,-,-,-,-,7110,7510,"Astel, Naturalborn of the Void","11,170","80,000","Astel, Naturalborn of the Void","Astel, Naturalborn of the Void","11,170",114,10,10,10,10,40,40,40,40,552,552,552,IMMUNE,IMMUNE,IMMUNE,IMMUNE,120,Ainsel River,Ainsel River,Grand Cloister,No
46400032,-,-,-,-,7110,7510,Ulcerated Tree Spirit (Mt. Gelmir),"11,191","18,000",Ulcerated Tree Spirit,Ulcerated Tree Spirit (Mt. Gelmir),"11,191",114,0,0,0,0,20,-20,20,40,552,552,552,245,IMMUNE,IMMUNE,IMMUNE,120,Mt. Gelmir,Mt. Gilmir,Ninth Mt. Gelmit Campsite,No
49100032,-,-,-,-,7110,7510,Magma Wyrm (Mt. Gelmir),"12,243","19,000",Magma Wyrm,Magma Wyrm (Mt. Gelmir),"12,243",114,10,35,10,10,40,100,40,40,552,552,552,1188,245,IMMUNE,IMMUNE,120,Mt. Gelmir,Mt. Gilmir,Seethewater Terminus,No
45110066,-,-,-,-,7110,7510,Lichdragon Fortissax,"12,903","90,000",Lichdragon Fortissax,Lichdragon Fortissax,"12,903",114,35,35,35,10,40,40,80,80,552,552,552,552,IMMUNE,IMMUNE,IMMUNE,140,Deeproot Depths,Deeproot Depths,Across the Roots,No
46800032,-,-,-,-,7110,7510,Full-Grown Fallingstar Beast,"13,010","21,000",Full-Grown Fallingstar Beast,Full-Grown Fallingstar Beast,"13,010",114,35,35,35,35,20,20,20,20,552,552,IMMUNE,IMMUNE,IMMUNE,IMMUNE,IMMUNE,100,Mt. Gelmir,Mt. Gilmir,Ninth Mt. Gelmit Campsite,No
45010040,-,-,-,-,7110,7510,Decaying Ekzykes,"23,731","38,000",Decaying Ekzykes,Decaying Ekzykes,"23,731",114,-40,-40,-40,-10,-40,-100,-40,-40,1188,1188,245,245,IMMUNE,IMMUNE,IMMUNE,120,Caelid,Caelid,Caelid Highway South,No
71000950,-,-,-,-,7120,7520,Ancient Hero of Zamor (Mountaintops of the Giants),"6,868","83,000",Ancient Hero of Zamor,Ancient Hero of Zamor (Mountaintops of the Giants),"6,868",115,10,10,10,0,0,-20,-20,0,340,340,556,1197,247,IMMUNE,IMMUNE,80,Mountaintops of the Giants,Giant-Conquering Hero's Grave,Giant-Conquering Hero's Grave,No
21403050,21403150,-,-,-,7120,7520,Fell Twin Duo,"14,410","29,000",Fell Twin,Fell Twin #1,"7,871",115,0,-10,0,0,0,0,0,20,247,247,247,247,247,IMMUNE,IMMUNE,65,Mountaintops of the Giants,Divine Tower Bridge,Forbidden Lands,No
47700250,-,-,-,-,7120,7520,Black Blade Kindred (Forbidden Lands),"8,452","60,000",Black Blade Kindred,Black Blade Kindred (Forbidden Lands),"8,452",115,10,35,0,35,20,40,40,80,IMMUNE,IMMUNE,IMMUNE,IMMUNE,IMMUNE,IMMUNE,IMMUNE,110,Mountaintops of the Giants,Forbidden Lands,Forbidden Lands,No
45102030,-,-,-,-,7120,7520,Ancient Dragon Lansseax (Abandoned Coffin),"9,087",0,Ancient Dragon Lansseax,Ancient Dragon Lansseax (Abandoned Coffin),"9,087",115,35,35,35,10,40,40,80,40,556,556,556,556,IMMUNE,IMMUNE,IMMUNE,120,Altus Plateau,Altus Plateau,Abandoned Coffin,No
45102030,-,-,-,-,7120,7520,Ancient Dragon Lansseax (Rampartside Path),"9,087","60,000",Ancient Dragon Lansseax,Ancient Dragon Lansseax (Rampartside Path),"9,087",115,35,35,35,10,40,40,80,40,556,556,556,556,IMMUNE,IMMUNE,IMMUNE,120,Altus Plateau,Altus Plateau,Rampartside Path,No
46400950,-,-,-,-,7120,7520,Ulcerated Tree Spirit (Mountaintops of the Giants),"13,141","48,000",Ulcerated Tree Spirit,Ulcerated Tree Spirit (Mountaintops of the Giants),"13,141",115,0,0,0,0,20,-20,20,40,556,556,556,247,IMMUNE,IMMUNE,IMMUNE,120,Mountaintops of the Giants,Mountaintop Catacombs,Mountaintop Catacombs,No
35600950,35700950,41402950,-,-,7120,7520,"Godskin Apostle, Godskin Noble, and Spiritcaller Snail","23,501","70,000",Godskin Apostle,Godskin Apostle (Spiritcaller Cave),"9,847",115,0,-10,10,0,20,40,20,40,IMMUNE,IMMUNE,IMMUNE,IMMUNE,247,IMMUNE,IMMUNE,80,Mountaintops of the Giants,Spiritcaller Cave,Spiritcaller Cave,No
47100038,-,-,47101038,47101038,7120,7520,God-Devouring Serpent,"59,174","130,000",God-Devouring Serpent,God-Devouring Serpent,"30,439",115,10,10,35,10,40,80,20,40,556,556,556,247,556,IMMUNE,IMMUNE,120,Mt. Gelmir,Volcano Manor,Audience Pathway,No
25001066,-,-,-,-,7130,7530,Crucible Knight Siluria,"4,606","25,000",Crucible Knight Siluria,Crucible Knight Siluria,"4,606",117,35,35,35,35,40,20,20,40,561,561,IMMUNE,561,561,IMMUNE,IMMUNE,80,Deeproot Depths,Deeproot Depths,The Nameless Eternal City,No
46500262,-,-,-,-,7130,7530,Dragonkin Soldier (Lake of Rot),"7,655","58,000",Dragonkin Soldier,Dragonkin Soldier (Lake of Rot),"7,655",117,10,0,10,10,20,20,40,20,561,IMMUNE,561,1207,IMMUNE,IMMUNE,IMMUNE,120,Lake of Rot,Lake of Rot,Lake of Rot Shoreside,No
48001935,-,-,-,-,7130,7530,"Mohg, the Omen","14,000","100,000","Mohg, the Omen","Mohg, the Omen","14,000",117,10,10,10,10,40,80,40,40,IMMUNE,IMMUNE,IMMUNE,IMMUNE,IMMUNE,IMMUNE,IMMUNE,110,"Leyndell, Royal Capital",The Capital Leyndell Sewers,Cathedral of the Forsaken,No
30500051,-,-,-,-,7130,7530,Commander Niall,"15,541","90,000",Commander Niall,Commander Niall,"15,541",117,10,35,10,0,20,20,20,20,343,343,343,343,343,IMMUNE,IMMUNE,90,Mountaintops of the Giants,Castle Sol,Church of the Eclipse,No
31500050,-,-,-,-,7140,7540,Night's Cavalry (Forbidden Lands),"6,602","36,000",Night's Cavalry,Night's Cavalry (Forbidden Lands),"6,602",118,35,35,35,10,40,40,20,40,345,345,565,565,IMMUNE,IMMUNE,IMMUNE,80,Mountaintops of the Giants,Forbidden Lands,Forbidden Lands,No
48100150,-,-,-,-,7140,7540,Erdtree Avatar (Snowvalley Ruins Overlook),"11,452","70,000",Erdtree Avatar,Erdtree Avatar (Snowvalley Ruins Overlook),"11,452",118,10,10,0,10,20,-40,20,40,345,345,IMMUNE,251,IMMUNE,IMMUNE,IMMUNE,120,Mountaintops of the Giants,Mountaintops of the Giants,Snow Valley Ruins Overlook,No
49801050,-,-,-,-,7140,7540,Death Rite Bird (Snow Valley Ruins Overlook),"16,059","77,000",Death Rite Bird,Death Rite Bird (Snow Valley Ruins Overlook),"16,059",118,10,10,-40,35,20,20,40,-40,IMMUNE,565,IMMUNE,IMMUNE,IMMUNE,IMMUNE,IMMUNE,120,Mountaintops of the Giants,Mountaintops of the Giants,Snow Valley Ruins Overlook,Yes
35700172,35600172,-,-,35600972,7140,7540,Godskin Duo,"26,350","170,000",Godskin Duo,Godskin Noble (Crumbling Farum Azula),"8,000",118,0,-10,35,0,20,40,20,40,80,345,345,251,345,251,IMMUNE,IMMUNE,Crumbling Farum Azula,Crumbling Farum Azula,Dragon Temple Transet,No
47601050,-,-,-,-,7140,7540,Fire Giant,"43,263","180,000",Fire Giant,Fire Giant,"43,263",118,0,-10,0,0,0,50,0,20,565,565,565,1216,565,IMMUNE,IMMUNE,120,Mountaintops of the Giants,Mountaintops of the Giants,Foot of the Forge,No
34601952,-,-,-,-,7160,7560,Misbegotten Crusader,"9,130","93,000",Misbegotten Crusader,Misbegotten Crusader,"9,130",120,10,0,10,10,20,0,20,40,367,367,367,367,367,IMMUNE,IMMUNE,80,Mountaintops of the Giants,Cave of the Forlorn,Cave of the Forlorn,No
39702942,39701942,-,-,-,7150,7550,Beastman of Farum Azula Duo,"11,650","65,000",Beastman of Farum Azula (Throwing Knife),Beastman of Farum Azula (Throwing Knife),"3,344",120,0,-10,0,0,0,-20,20,0,255,255,351,351,191,IMMUNE,IMMUNE,30,Caelid,Dragonbarrow Cave,Dragonbarrow Cave,No
21002922,-,-,-,-,7150,7550,"Alecto, Black Knife Ringleader","17,482","80,000","Alecto, Black Knife Ringleader","Alecto, Black Knife Ringleader","17,482",120,10,10,10,35,20,20,20,40,IMMUNE,IMMUNE,IMMUNE,351,IMMUNE,IMMUNE,IMMUNE,80,Liurnia,Ringleader's Evergaol,Moonlight Altar,No
34000952,-,-,-,-,7160,7560,Putrid Grave Warden Duelist,"8,800","78,000",Putrid Grave Warden Duelist,Putrid Grave Warden Duelist,"8,800",120,0,-10,0,0,0,-20,0,0,601,1292,200,267,267,IMMUNE,IMMUNE,65,Mountaintops of the Giants,Consecrated Snowfield Catacombs,Consecrated Snowfield Catacombs,No
21100072,-,-,21101072,-,7150,7550,Beast Clergyman,"10,620","220,000",Beast Clergyman,Beast Clergyman,"10,620",120,35,35,35,35,40,40,40,80,351,351,574,574,IMMUNE,IMMUNE,IMMUNE,80,Crumbling Farum Azula,Crumbling Farum Azula,Beside the Great Bridge,No
45030050,-,-,-,-,7160,7560,Borealis the Freezing Fog,"11,268","100,000",Borealis the Freezing Fog,Borealis the Freezing Fog,"11,268",120,35,80,10,80,40,40,40,40,601,601,601,1292,IMMUNE,IMMUNE,IMMUNE,120,Mountaintops of the Giants,Mountaintops of the Giants,Freezing Lake,No
35600042,-,-,-,-,7150,7550,Godskin Apostle (Caelid),"13,596","94,000",Godskin Apostle,Godskin Apostle (Caelid),"13,596",120,0,-10,10,0,20,40,20,40,351,351,255,351,255,IMMUNE,IMMUNE,80,Caelid,Divine Tower of Caelid,Divine Tower of Caelid Basement,No
46400942,-,-,-,-,7150,7550,Putrid Tree Spirit,"18,144","64,000",Putrid Tree Spirit,Putrid Tree Spirit,"18,144",120,0,0,0,0,20,-20,20,40,1235,1235,574,255,IMMUNE,IMMUNE,IMMUNE,120,Caelid,War-Dead Catacombs,War-Dead Catacombs,No
46200952,-,-,-,-,7160,7560,"Astel, Stars of Darkness","18,617","120,000","Astel, Stars of Darkness","Astel, Stars of Darkness","18,617",120,10,10,10,10,40,40,40,40,601,601,601,IMMUNE,IMMUNE,IMMUNE,IMMUNE,120,Mountaintops of the Giants,Yelough Anix Tunnel,Yelough Anix Tunnel,No
47210070,-,-,47210070,47210070,7160,7560,"Godfrey, First Elden Lord (Leyndell, Ashen Capital)","21,903","300,000","Godfrey, First Elden Lord","Godfrey, First Elden Lord (Leyndell, Ashen Capital)","11,831",120,0,-10,0,0,0,0,0,40,367,367,601,601,1292,IMMUNE,IMMUNE,120,"Leyndell, Ashen Capital","Leyndell, Ashen Capital",The Queens Bedchamber,No
31500042,-,-,-,-,7170,7570,Night's Cavalry (Lenne's Rise),"7,089","42,000",Night's Cavalry,Night's Cavalry (Lenne's Rise),"7,089",121,35,35,35,10,40,40,20,40,383,383,627,627,IMMUNE,IMMUNE,IMMUNE,80,Caelid,Caelid,Lenne's Rise,Yes
31000042,-,-,-,-,7170,7570,Bell Bearing Hunter (Caelid),"10,619","50,000",Bell Bearing Hunter,Bell Bearing Hunter (Caelid),"10,619",121,35,35,35,10,40,40,20,40,383,383,627,627,383,IMMUNE,IMMUNE,80,Caelid,Caelid,Isolated Merchant's Shack,No
45000042,-,-,-,-,7170,7570,Flying Dragon Greyll,"11,550","80,000",Flying Dragon Greyll,Flying Dragon Greyll,"11,550",121,35,35,35,10,40,40,40,40,627,627,627,627,IMMUNE,IMMUNE,IMMUNE,120,Caelid,Caelid,Farum Greatbridge,No
45021922,-,-,-,-,7170,7570,Glintstone Dragon Adula (Village of the Albinaurics),"11,550","120,000",Glintstone Dragon Adula,Glintstone Dragon Adula (Village of the Albinaurics),"11,550",121,35,35,35,10,80,40,40,40,627,627,627,627,IMMUNE,IMMUNE,IMMUNE,120,Liurnia,Liurnia,Village of the Albinaurics,No
47701242,-,-,-,-,7170,7570,Black Blade Kindred (Caelid),"12,297","88,000",Black Blade Kindred,Black Blade Kindred (Caelid),"12,297",121,10,35,0,35,20,40,40,80,IMMUNE,IMMUNE,IMMUNE,IMMUNE,IMMUNE,IMMUNE,IMMUNE,110,Caelid,Caelid,Bestial Sanctum,No
48110042,-,-,-,-,7170,7570,Putrid Avatar (Dragonbarrow Fork),"12,297","91,000",Putrid Avatar,Putrid Avatar (Dragonbarrow Fork),"12,297",121,10,10,0,10,20,-100,20,40,IMMUNE,IMMUNE,IMMUNE,383,IMMUNE,IMMUNE,IMMUNE,120,Caelid,Caelid,Dragonbarrow Fork,No
45200072,-,-,-,-,7170,7570,Dragonlord Placidusax,"26,651","280,000",Dragonlord Placidusax,Dragonlord Placidusax,"26,651",121,35,35,35,10,40,40,40,40,1349,1349,1349,1349,IMMUNE,IMMUNE,IMMUNE,160,Crumbling Farum Azula,Crumbling Farum Azula,Beside the Great Bridge,No
21900078,-,-,22000078,-,7170,7570,Radagon of the Golden Order,"35,466","500,000",Radagon of the Golden Order,Radagon of the Golden Order,"13,339",121,35,35,10,35,20,0,20,80,627,627,IMMUNE,627,IMMUNE,IMMUNE,IMMUNE,120,"Leyndell, Ashen Capital","Leyndell, Ashen Capital",The Elden Throne,No
48110052,-,-,-,-,7180,7580,"Putrid Avatar (Ordina, Liturgical Town)","12,569","160,000",Putrid Avatar,"Putrid Avatar (Ordina, Liturgical Town)","12,569",122,10,10,0,10,20,-100,20,40,IMMUNE,IMMUNE,IMMUNE,399,IMMUNE,IMMUNE,IMMUNE,120,Mountaintops of the Giants,Mountaintops of the Giants,"Ordina, Liturgical Town",No
32520054,-,-,-,-,7180,7580,"Loretta, Knight of the Haligtree","13,397","200,000","Loretta, Knight of the Haligtree","Loretta, Knight of the Haligtree","13,397",122,10,10,10,10,40,40,0,20,399,399,653,653,399,IMMUNE,IMMUNE,80,Mountaintops of the Giants,The Haligtree,Haligtree Promenade,No
31500052,31501052,-,-,-,7180,7580,Night's Cavalry Duo,"14,492","84,000",Night's Cavalry (Glaive),Night's Cavalry (Glaive),"7,246",122,35,35,35,10,40,40,20,40,399,399,653,653,IMMUNE,IMMUNE,IMMUNE,80,Consecrated Snowfield,Consecrated Snowfield,Inner Consecrated Snowfield,Yes
49801052,-,-,-,-,7180,7580,Death Rite Bird (Apostate Derelict),"17,625","220,000",Death Rite Bird,Death Rite Bird (Apostate Derelict),"17,625",122,10,10,-40,35,20,20,40,-40,IMMUNE,653,IMMUNE,IMMUNE,IMMUNE,IMMUNE,IMMUNE,120,Mountaintops of the Giants,Mountaintops of the Giants,Apostate Derelict,Yes
48000068,-,-,-,-,7180,7580,"Mohg, Lord of Blood","18,389","420,000","Mohg, Lord of Blood","Mohg, Lord of Blood","18,389",122,10,10,10,10,40,80,40,40,653,653,290,653,1406,IMMUNE,IMMUNE,110,Mohgwyn Palace,Mohgwyn Palace,Dynasty Mausoleum Midpoint,No
49110052,-,-,-,-,7180,7580,Great Wyrm Theodorix,"25,649","180,000",Great Wyrm Theodorix,Great Wyrm Theodorix,"25,649",122,10,35,10,10,40,80,40,40,653,653,653,1406,290,IMMUNE,IMMUNE,120,Mountaintops of the Giants,Mountaintops of the Giants,Cave of the Forlorn,No
21200056,-,-,21202056,-,7200,7600,"Malenia, Blade of Miquella","33,251","480,000","Malenia, Blade of Miquella","Malenia, Blade of Miquella","18,473",123,10,10,10,10,20,0,20,40,1481,1481,420,306,688,IMMUNE,IMMUNE,80,Mountaintops of the Giants,The Haligtree,Drainage Channel,No