Name,Weapon Type,Icon,Info,Caption,Attack Power (Physical),Attack Power (Magic),Attack Power (Fire),Attack Power (Lightning),Attack Power (Holy),Attack Power (Stamina),Scaling (Str),Scaling (Dex),Scaling (Int),Scaling (Fai),Scaling (Arc),Base Poison Build-up,Base Rot Build-up,Base Blood Build-up,Base Frost Build-up,Base Sleep Build-up,Physical Damage Type,No. Held Max,Sell Price,FP Cost,Ref ID,SpEffect ID,SpEffect Text ID,Behavior Variation ID,CalcCorrect ID (Physical),CalcCorrect ID (Magic),CalcCorrect ID (Fire),CalcCorrect ID (Lightning),CalcCorrect ID (Holy),CalcCorrect ID (Status),Attack Element Correct ID,ID,Icon ID,Sort ID
Arrow,Arrow,#REF!,-,"Arrows used with small and long bows.
Unremarkable in any way, shape or form.
",45,0,0,0,0,5,-,-,-,-,-,-,-,-,-,-,Pierce,99,10,-,-,-,-,5000,-,-,-,-,-,-,10000,50000000,17000,6025000
Fire Arrow,Arrow,#REF!,-,"Arrow with the tip set alight.
Deals fire damage.
",15,0,95,0,0,5,-,-,-,-,-,-,-,-,-,-,Pierce,99,10,-,-,-,-,5001,-,-,-,-,-,-,10000,50010000,17001,6027000
Serpent Arrow,Arrow,#REF!,-,"Arrow carved to resemble a flying snake. Used in tandem with the Serpent Bow.

Loyal minions of the Formless Serpents, their fangs are daubed with deadly poison.",30,0,0,0,0,5,-,-,-,-,-,78,-,-,-,-,Pierce,99,10,-,-,6503,6402,5002,-,-,-,-,-,-,10000,50020000,17002,6029000
Bone Arrow (Fletched),Arrow,#REF!,"Thin, whittled animal bone with feather fletchings","Arrow whittled from thin animal bones. Craftable item.

The feather fletching adds distance to the arrow's flight.
",35,0,0,0,0,5,-,-,-,-,-,-,-,-,-,-,Pierce,99,1,-,-,-,-,5003,-,-,-,-,-,-,10000,50030000,17003,6001000
St. Trina's Arrow,Arrow,#REF!,-,"Arrow carved to resemble a withered water lily. Afflicts targets with a powerful sleep effect.

Priests of St. Trina use these arrows to spread their teachings. The sweet oblivion of sleep can become quite the habit.",30,0,0,0,0,5,-,-,-,-,-,-,-,-,-,96,Pierce,99,10,-,-,6456,6651,5004,-,-,-,-,-,-,10000,50040000,17004,6031000
Shattershard Arrow (Fletched),Arrow,#REF!,-,"Arrow whittled from animal bones tipped with a shard of crystal. Creates a resonating noise at the point of impact.

Craftable item. The fletching adds distance to the arrow's flight.",25,0,0,0,0,5,-,-,-,-,-,-,-,-,-,-,Pierce,99,10,-,-,-,-,5006,-,-,-,-,-,-,10000,50060000,17018,6021000
Rainbow Stone Arrow (Fletched),Arrow,#REF!,-,"Arrow whittled from animal bones tipped with chips of Rainbow Stone. Colored light shines at the point of impact.

Craftable item. The fletching adds distance to the arrow's flight.",25,0,0,0,0,5,-,-,-,-,-,-,-,-,-,-,Pierce,99,10,-,-,-,-,5008,-,-,-,-,-,-,10000,50080000,17020,6023000
Golden Arrow,Arrow,#REF!,-,"Carved arrows made in tandem with the Erdtree Bow. Deals holy damage.

Highly effective against Those Who Live in Death, and able to prevent them from rising again.",15,0,0,0,95,5,-,-,-,-,-,-,-,-,-,-,Pierce,99,10,-,-,-,-,5009,-,-,-,-,-,-,10000,50090000,17009,6028000
Dwelling Arrow,Arrow,#REF!,-,"Arrow in which the spirits of small animals are thought to dwell. 
Deals magic damage.

Used by the master hunters of the ancestral followers. ",15,95,0,0,0,5,-,-,-,-,-,-,-,-,-,-,Pierce,99,10,-,-,-,-,5010,-,-,-,-,-,-,10000,50100000,17010,6026000
Bone Arrow,Arrow,#REF!,Arrow whittled from thin animal bone,"Arrow whittled from thin animal bones. Craftable item.

Though the tip is certainly sharp, it does not fly particularly true.
",35,0,0,0,0,5,-,-,-,-,-,-,-,-,-,-,Pierce,99,1,-,-,-,-,5011,-,-,-,-,-,-,10000,50110000,17011,6000000
Firebone Arrow (Fletched),Arrow,#REF!,Fletched animal bone arrow set alight when shot,"Arrow whittled from animal bones. The tip is set alight before firing. Deals fire damage.

Craftable item. The fletching adds distance to the arrow's flight.",10,0,90,0,0,5,-,-,-,-,-,-,-,-,-,-,Pierce,99,1,-,-,-,-,5013,-,-,-,-,-,-,10000,50130000,17012,6005000
Firebone Arrow,Arrow,#REF!,Animal bone arrow set alight when shot,"Arrow whittled from animal bones. The tip is set alight before firing. Deals fire damage.

Craftable item.",10,0,90,0,0,5,-,-,-,-,-,-,-,-,-,-,Pierce,99,1,-,-,-,-,5014,-,-,-,-,-,-,10000,50140000,17013,6004000
Poisonbone Arrow (Fletched),Arrow,#REF!,Fletched animal bone arrow with poison-daubed tip,"Arrow whittled from animal bones. The tip is daubed with venom. Afflicts targets with poison.

Craftable item. The fletching adds distance to the arrow's flight.",25,0,0,0,0,5,-,-,-,-,-,60,-,-,-,-,Pierce,99,1,-,-,6500,6401,5015,-,-,-,-,-,-,10000,50150000,17014,6011000
Poisonbone Arrow,Arrow,#REF!,Animal bone arrow with poison-daubed tip,"Arrow whittled from animal bones. The tip is daubed with venom. Afflicts targets with poison.

Craftable item.",25,0,0,0,0,5,-,-,-,-,-,60,-,-,-,-,Pierce,99,1,-,-,6500,6401,5016,-,-,-,-,-,-,10000,50160000,17015,6010000
Sleepbone Arrow (Fletched),Arrow,#REF!,Fletched animal bone arrow with waterlily tincture tip,"Arrow whittled from animal bones. The tip is daubed with a water lily tincture. Afflicts targets with sleep.

Craftable item. The fletching adds distance to the arrow's flight.",25,0,0,0,0,5,-,-,-,-,-,-,-,-,-,84,Pierce,99,1,-,-,6454,6651,5017,-,-,-,-,-,-,10000,50170000,17016,6019000
Sleepbone Arrow,Arrow,#REF!,Animal bone arrow with waterlily tincture tip,"Arrow whittled from animal bones. The tip is daubed with a water lily tincture. Afflicts targets with sleep.

Craftable item.",25,0,0,0,0,5,-,-,-,-,-,-,-,-,-,84,Pierce,99,1,-,-,6454,6651,5018,-,-,-,-,-,-,10000,50180000,17017,6018000
Stormwing Bone Arrow,Arrow,#REF!,Bone arrow fletched with stormhawk feathers,"Arrow whittled from animal bones fletched with stormhawk feathers. Craftable item.

Flies enshrouded in storm winds, breaking enemy stances and guards with ease.",55,0,0,0,0,45,-,-,-,-,-,-,-,-,-,-,Pierce,99,1,-,-,-,-,5019,-,-,-,-,-,-,10000,50190000,17035,6024000
Lightningbone Arrow (Fletched),Arrow,#REF!,Fletched animal bone arrow charged with lightning,"Arrow whittled from animal bones with a lightning-infused tip. Deals lightning damage.

Craftable item. The fletching adds distance to the arrow's flight.",10,0,0,90,0,5,-,-,-,-,-,-,-,-,-,-,Pierce,99,1,-,-,-,-,5020,-,-,-,-,-,-,10000,50200000,17022,6007000
Lightningbone Arrow,Arrow,#REF!,Animal bone arrow charged with lightning,"Arrow whittled from animal bones with a lightning-infused tip. Deals lightning damage.

Craftable item.",10,0,0,90,0,5,-,-,-,-,-,-,-,-,-,-,Pierce,99,1,-,-,-,-,5021,-,-,-,-,-,-,10000,50210000,17023,6006000
Rainbow Stone Arrow,Arrow,#REF!,Animal bone arrow tipped with Rainbow Stone shard,"Arrow whittled from animal bones tipped with chips of Rainbow Stone. Colored light shines at the point of impact.

Craftable item.",25,0,0,0,0,5,-,-,-,-,-,-,-,-,-,-,Pierce,99,1,-,-,-,-,5022,-,-,-,-,-,-,10000,50220000,17021,6022000
Shattershard Arrow,Arrow,#REF!,Animal bone arrow tipped with crystal shard,"Arrow whittled from animal bones tipped with a shard of crystal. Creates a resonating noise at the point of impact.

Craftable item.",25,0,0,0,0,5,-,-,-,-,-,-,-,-,-,-,Pierce,99,1,-,-,-,-,5023,-,-,-,-,-,-,10000,50230000,17019,6020000
Spiritflame Arrow,Arrow,#REF!,-,"Arrow set alight with ghostflame before firing. Deals magic damage while also afflicting foes with frost.

Used by the Company of the Fallen Hawk, once ordered to explore the Eternal City.",30,40,0,0,0,5,-,-,-,-,-,-,-,-,65,-,Pierce,99,10,-,-,6702,6601,5024,-,-,-,-,-,-,10000,50240000,17024,6030000
Magicbone Arrow (Fletched),Arrow,#REF!,Fletched bone arrow with glintstone tincture tip,"Arrow whittled from animal bones. The tip is daubed with a glintstone tincture. Deals magic damage.

Craftable item. The fletching adds distance to the arrow's flight.",10,90,0,0,0,5,-,-,-,-,-,-,-,-,-,-,Pierce,99,1,-,-,-,-,5026,-,-,-,-,-,-,10000,50260000,17025,6003000
Magicbone Arrow,Arrow,#REF!,Animal bone arrow with glintstone tincture tip,"Arrow whittled from animal bones. The tip is daubed with a glintstone tincture. Deals magic damage.

Craftable item.",10,90,0,0,0,5,-,-,-,-,-,-,-,-,-,-,Pierce,99,1,-,-,-,-,5027,-,-,-,-,-,-,10000,50270000,17026,6002000
Haligbone Arrow (Fletched),Arrow,#REF!,Fletched bone arrow with gold tincture tip,"Arrow whittled from animal bones. The tip is daubed with a golden tincture. Deals holy damage.

Craftable item. The fletching adds distance to the arrow's flight.",10,0,0,0,90,5,-,-,-,-,-,-,-,-,-,-,Pierce,99,1,-,-,-,-,5028,-,-,-,-,-,-,10000,50280000,17027,6009000
Haligbone Arrow,Arrow,#REF!,Animal bone arrow with gold tincture tip,"Arrow whittled from animal bones. The tip is daubed with a golden tincture. Deals holy damage.

Craftable item.",10,0,0,0,90,5,-,-,-,-,-,-,-,-,-,-,Pierce,99,1,-,-,-,-,5029,-,-,-,-,-,-,10000,50290000,17028,6008000
Bloodbone Arrow (Fletched),Arrow,#REF!,Fletched bone arrow with blood tincture tip,"Arrow whittled from animal bones. The tip is daubed with a blood tincture. Afflicts targets with blood loss.

Craftable item. The fletching adds distance to the arrow's flight.",25,0,0,0,0,5,-,-,-,-,-,-,-,55,-,-,Pierce,99,1,-,-,6402,6501,5030,-,-,-,-,-,-,10000,50300000,17029,6015000
Bloodbone Arrow,Arrow,#REF!,Animal bone arrow with blood tincture tip,"Arrow whittled from animal bones. The tip is daubed with a blood tincture. Afflicts targets with blood loss.

Craftable item.",25,0,0,0,0,5,-,-,-,-,-,-,-,55,-,-,Pierce,99,1,-,-,6402,6501,5031,-,-,-,-,-,-,10000,50310000,17030,6014000
Coldbone Arrow (Fletched),Arrow,#REF!,Fletched bone arrow with frozen tip,"Arrow whittled from animal bones with a frozen tip. Afflicts targets with frost.

Craftable item. The fletching adds distance to the arrow's flight.",25,10,0,0,0,5,-,-,-,-,-,-,-,-,60,-,Pierce,99,1,-,-,6701,6601,5032,-,-,-,-,-,-,10000,50320000,17031,6017000
Coldbone Arrow,Arrow,#REF!,Animal bone arrow with frozen tip,"Arrow whittled from animal bones with a frozen tip. Afflicts targets with frost.

Craftable item.",25,10,0,0,0,5,-,-,-,-,-,-,-,-,60,-,Pierce,99,1,-,-,6701,6601,5033,-,-,-,-,-,-,10000,50330000,17032,6016000
Rotbone Arrow (Fletched),Arrow,#REF!,Fletched bone arrow with rot-coated tip,"Arrow whittled from animal bones. The tip is daubed with rot. Afflicts targets with scarlet rot.

Craftable item. The fletching adds distance to the arrow's flight.",25,0,0,0,0,5,-,-,-,-,-,-,-,50,-,-,Pierce,99,1,-,-,6600,6451,5034,-,-,-,-,-,-,10000,50340000,17033,6013000
Rotbone Arrow,Arrow,#REF!,Animal bone arrow with rot-coated tip,"Arrow whittled from animal bones. The tip is daubed with rot. Afflicts targets with scarlet rot.

Craftable item.",25,0,0,0,0,5,-,-,-,-,-,-,-,50,-,-,Pierce,99,1,-,-,6600,6451,5035,-,-,-,-,-,-,10000,50350000,17034,6012000
Great Arrow,Greatarrow,#REF!,-,A greatarrow as large as a spear for use with greatbows. Used by archers of monstrous strength employed by a lord's army.,100,0,0,0,0,60,-,-,-,-,-,-,-,-,-,-,Pierce,30,10,-,-,-,-,5100,-,-,-,-,-,-,10000,51000000,17100,6102000
Golem's Great Arrow,Greatarrow,#REF!,-,"Greatarrow of black stone crafted by a civilization now gone to ruin. Used by the Guardian Golem.

This hefty arrow is enrobed in tempestuous winds, allowing it to break enemy stances and guards with ease.",105,0,0,0,0,90,-,-,-,-,-,-,-,-,-,-,Pierce,30,10,-,-,-,-,5101,-,-,-,-,-,-,10000,51010000,17101,6103000
Golden Great Arrow,Greatarrow,#REF!,-,"Carved greatarrows made together with the Erdtree Greatbow. Deals holy damage.

Imbued with an oath-sworn incantation, which boosts the attack and defense of the archer and their nearby allies.",40,0,0,0,110,60,-,-,-,-,-,-,-,-,-,-,Pierce,30,10,-,-,-,-,5102,-,-,-,-,-,-,10000,51020000,17102,6105000
Golem's Magic Arrow,Greatarrow,#REF!,-,"Greatarrow of black stone crafted by a civilization now gone to ruin. Imbued with its ancient magic.

Deals magic damage.",40,125,0,0,0,60,-,-,-,-,-,-,-,-,-,-,Pierce,30,10,-,-,-,-,5103,-,-,-,-,-,-,10000,51030000,17103,6104000
Radahn's Spear,Greatarrow,#REF!,-,"Greatarrows used by General Radahn during the festival of combat. These are in fact the many spears with which he was stabbed by the Cleanrot Knights.

Imbued with Radahn's gravitational power.",100,0,0,0,0,60,-,-,-,-,-,-,-,-,-,-,Pierce,30,10,-,-,-,-,5104,-,-,-,-,-,-,10000,51040000,17105,6106000
Bone Great Arrow (Fletched),Greatarrow,#REF!,"Thick, whittled bone arrow with feather fletchings","Greatarrow as large as a spear whittled from stout animal bones.

Craftable item. The fletching adds distance to the arrow's flight.",90,0,0,0,0,60,-,-,-,-,-,-,-,-,-,-,Pierce,30,1,-,-,-,-,5105,-,-,-,-,-,-,10000,51050000,17104,6101000
Bone Great Arrow,Greatarrow,#REF!,"Thick, whittled animal bone arrow, large as a spear","Greatarrow as large as a spear whittled from stout animal bones.

Though the tip is certainly sharp, it does not fly particularly true.",90,0,0,0,0,60,-,-,-,-,-,-,-,-,-,-,Pierce,30,1,-,-,-,-,5106,-,-,-,-,-,-,10000,51060000,17106,6100000
Bolt,Bolt,#REF!,-,"Ammunition used for crossbows.
A widespread, common type of bolt.",50,0,0,0,0,5,-,-,-,-,-,-,-,-,-,-,Pierce,99,10,-,-,-,-,5200,-,-,-,-,-,-,10000,52000000,17200,6210000
Lightning Bolt,Bolt,#REF!,-,"Bolt tipped with a shard of Gravel Stone. Deals powerful lightning damage.

Used by worshippers of the ancient dragons.",20,0,0,80,0,5,-,-,-,-,-,-,-,-,-,-,Pierce,99,10,-,-,-,-,5201,-,-,-,-,-,-,10000,52010000,17201,6216000
Perfumer's Bolt,Bolt,#REF!,-,"Bolt created with perfumer techniques. Used by nobles' guards and the like.

The point of impact explodes with sparks, dealing fire damage.",15,0,65,0,0,5,-,-,-,-,-,-,-,-,-,-,Pierce,99,10,-,-,-,-,5202,-,-,-,-,-,-,10000,52020000,17202,6215000
Black-Key Bolt,Bolt,#REF!,-,"Bolts used in Crepus' Black-Key Crossbow, an assassin's tool of exquisite craftsmanship.

The intricate spiral tip bores deep, injecting scarlet rot far into the flesh of its target.",30,0,0,0,0,5,-,-,-,-,-,-,60,-,-,-,Pierce,99,10,-,-,6602,6451,5203,-,-,-,-,-,-,10000,52030000,17212,6218000
Burred Bolt,Bolt,#REF!,-,"Bolt covered in thorns. One of the most horrific weapons used in the Shattering. Afflicts target with blood loss.

Difficult to remove once buried in flesh, causing appalling damage to the body.",30,0,0,0,0,5,-,-,-,-,-,-,-,65,-,-,Pierce,99,10,-,-,6404,6501,5204,-,-,-,-,-,-,10000,52040000,17204,6219000
Meteor Bolt,Bolt,#REF!,-,"Enchanted work of craft made in tandem with the Full Moon Crossbow. The tip is embedded with glintstone.

Like a shooting star, these bolts leave a beautiful trail when fired. Deals magic damage.",25,80,0,0,0,5,-,-,-,-,-,-,-,-,-,-,Pierce,99,10,-,-,-,-,5205,-,-,-,-,-,-,10000,52050000,17211,6212000
Explosive Bolt,Bolt,#REF!,-,"Bolt tipped with a shard of Explosive Stone. Explodes on impact, dealing fire damage.",15,0,70,0,0,5,-,-,-,-,-,-,-,-,-,-,Pierce,99,10,-,-,-,-,5206,-,-,-,-,-,-,10000,52060000,17205,6214000
Golden Bolt,Bolt,#REF!,-,"Bolt blessed with an incantation of the Erdtree. Deals powerful holy damage.

Once used by guards of the Capital.",20,0,0,0,80,5,-,-,-,-,-,-,-,-,-,-,Pierce,99,10,-,-,-,-,5207,-,-,-,-,-,-,10000,52070000,17213,6217000
Lordsworn's Bolt,Bolt,#REF!,-,"Well-crafted bolt with an illustrious design, wielded by regulars of a lord's army.

Deals more damage than its commonplace cousin.",65,0,0,0,0,5,-,-,-,-,-,-,-,-,-,-,Pierce,99,10,-,-,-,-,5208,-,-,-,-,-,-,10000,52080000,17210,6211000
Bone Bolt,Bolt,#REF!,"Thin, whittled animal bone bolt","Bolt carved from a thin animal bone. Craftable item.

Though the tip is certainly sharp, it does not fly particularly true.",40,0,0,0,0,5,-,-,-,-,-,-,-,-,-,-,Pierce,99,1,-,-,-,-,5209,-,-,-,-,-,-,10000,52090000,17214,6200000
Firebone Bolt,Bolt,#REF!,Animal bone bolt set alight when shot,"Bolt carved from animal bone. The tip is set alight before firing. Deals fire damage.

Craftable item.",15,0,75,0,0,5,-,-,-,-,-,-,-,-,-,-,Pierce,99,1,-,-,-,-,5210,-,-,-,-,-,-,10000,52100000,17215,6202000
Lightningbone Bolt,Bolt,#REF!,Animal bone bolt with lightning-imbued tip,"Bolt crafted from animal bone with a lightning-infused tip. Deals lightning damage.

Craftable item.",15,0,0,75,0,5,-,-,-,-,-,-,-,-,-,-,Pierce,99,1,-,-,-,-,5211,-,-,-,-,-,-,10000,52110000,17224,6203000
Magicbone Bolt,Bolt,#REF!,Animal bone bolt with glintstone tincture tip,"Bolt carved from animal bone. The tip is daubed with a glintstone tincture. Deals magic damage.

Craftable item.",15,75,0,0,0,5,-,-,-,-,-,-,-,-,-,-,Pierce,99,1,-,-,-,-,5212,-,-,-,-,-,-,10000,52120000,17216,6201000
Haligbone Bolt,Bolt,#REF!,Animal bone bolt with gold tincture tip,"Bolt carved from animal bone. The tip is daubed with a golden tincture. Deals holy damage.

Craftable item.",15,0,0,0,75,5,-,-,-,-,-,-,-,-,-,-,Pierce,99,1,-,-,-,-,5213,-,-,-,-,-,-,10000,52130000,17217,6204000
Poisonbone Bolt,Bolt,#REF!,Animal bone bolt with poison-coated tip,"Bolt carved from animal bone. The tip is daubed with venom. Afflicts targets with poison.

Craftable item.",25,0,0,0,0,5,-,-,-,-,-,66,-,-,-,-,Pierce,99,1,-,-,6501,6401,5214,-,-,-,-,-,-,10000,52140000,17218,6205000
Bloodbone Bolt,Bolt,#REF!,Animal bone bolt with blood tincture tip,"Bolt carved from animal bone. The tip is daubed with a blood tincture. Afflicts targets with blood loss.

Craftable item.",25,0,0,0,0,5,-,-,-,-,-,-,-,50,-,-,Pierce,99,1,-,-,6401,6501,5215,-,-,-,-,-,-,10000,52150000,17219,6207000
Coldbone Bolt,Bolt,#REF!,Animal bone bolt with frozen tip,"Bolt carved from animal bone with a frozen tip. Afflicts targets with frost.

Craftable item.",25,20,0,0,0,5,-,-,-,-,-,-,-,-,65,-,Pierce,99,1,-,-,6702,6601,5216,-,-,-,-,-,-,10000,52160000,17220,6208000
Rotbone Bolt,Bolt,#REF!,Animal bone bolt with rot-coated tip,"Bolt carved from animal bone. The tip is daubed with rot. Afflicts targets with scarlet rot.

Craftable item.",25,0,0,0,0,5,-,-,-,-,-,-,55,-,-,-,Pierce,99,1,-,-,6601,6451,5217,-,-,-,-,-,-,10000,52170000,17221,6206000
Sleepbone Bolt,Bolt,#REF!,Animal bone bolt with waterlily tincture tip,"Bolt carved from animal bone. The tip is daubed with a waterlily tincture. Afflicts targets with sleep.

Craftable item.",25,0,0,0,0,5,-,-,-,-,-,-,-,-,-,90,Pierce,99,1,-,-,6455,6651,5218,-,-,-,-,-,-,10000,52180000,17222,6209000
Flaming Bolt,Bolt,#REF!,-,"Bolt with a fiercely burned tip. Deals powerful fire damage.

Used by survivors of Radahn's army to stave off the scarlet rot.",20,0,80,0,0,5,-,-,-,-,-,-,-,-,-,-,Pierce,99,10,-,-,-,-,5219,-,-,-,-,-,-,10000,52190000,17223,6213000
Ballista Bolt,Greatbolt,#REF!,-,Greatbolt as large as a spear for use with Hand Ballista.,160,0,0,0,0,70,-,-,-,-,-,-,-,-,-,-,Pierce,20,10,-,-,-,-,5300,-,-,-,-,-,-,10000,53000000,17207,6221000
Lightning Greatbolt,Greatbolt,#REF!,-,"Greatbolt tipped with a clump of Gravel Stone shards.

Deals powerful lightning damage.",50,0,0,150,0,70,-,-,-,-,-,-,-,-,-,-,Pierce,20,10,-,-,-,-,5301,-,-,-,-,-,-,10000,53010000,17208,6223000
Explosive Greatbolt,Greatbolt,#REF!,-,"Greatbolt tipped with a clump of Explosive Stone shards.

Detonates a large explosion on impact, dealing fire damage.",50,0,150,0,0,70,-,-,-,-,-,-,-,-,-,-,Pierce,20,10,-,-,-,-,5302,-,-,-,-,-,-,10000,53020000,17209,6222000
Bone Ballista Bolt,Greatbolt,#REF!,"Thick, whittled bone bolt, large as a spear","Greatbolt as large as a spear carved from stout animal bones. Craftable item.

Though the tip is certainly sharp, it does not fly particularly true.",150,0,0,0,0,70,-,-,-,-,-,-,-,-,-,-,Pierce,20,1,-,-,-,-,5303,-,-,-,-,-,-,10000,53030000,17300,6220000
Throwing Dagger,Tool,#REF!,Throw at enemies to inflict damage,"Short dagger for throwing. It has no handguard.
The blade is polished, and its weight is expertly balanced.

Throw at enemies to deal damage.

This auxiliary weapon, used primarily to constrain an enemy's movements, can still be deadly in the right hands.",67,0,0,0,0,5,95,145,0,0,0,-,-,-,-,-,-,40,10,0,10170000,-,-,-,3,0,0,0,0,10,201700,170000,00080,9999999
Bone Dart,Tool,#REF!,Throw at enemies to inflict damage,"Animal bone sharpened into a knife for throwing.
Craftable item.

Throw at enemies to inflict damage.",57,0,0,0,0,5,95,145,0,0,0,-,-,-,-,-,-,40,10,0,10171000,-,-,-,3,0,0,0,0,10,201710,171000,00082,9999999
Poisonbone Dart,Tool,#REF!,Throw at enemies to inflict damage and build up poison,"Animal bone sharpened into a knife for throwing, with a poison-laced tip.
Craftable item.

Throw at enemies to inflict damage and build up poison.",50,0,0,0,0,5,40,80,0,0,65,58,-,-,-,-,-,40,10,0,10172000,501720,-,-,3,0,0,0,0,10,201720,172000,00083,9999999
Kukri,Tool,#REF!,Throw at enemies to inflict damage and build up onset of blood loss,"A large knife used for throwing.
Its curved blade is sharp enough to slice flesh cleanly.

Throw at enemies to inflict damage and build up onset of blood loss.

This heavy throwing weapon is unsuitable for swift attacks, but is able to inflict heavy damage.",87,0,0,0,0,10,155,185,0,0,65,-,-,70,-,-,-,30,10,0,10173000,3115,-,-,3,0,0,0,0,10,201730,173000,00084,9999999
Crystal Dart,Tool,#REF!,Uses FP. Throw to inflict magic damage.,"Throwing knife chiseled from impure crystal.
Craftable item.

Consumes FP. Throw at enemies to deal magic damage.

Long ago, it is said that a golem crafter employed a similar crystal tool.",66,44,0,0,0,10,40,80,135,0,0,-,-,-,-,-,-,40,20,1,10174000,6930,-,-,3,7,0,0,0,10,201740,174000,00085,9999999
Fan Daggers,Tool,#REF!,Throw fanned-out knives at enemies to inflict damage,"A set of five throwing knives bundled together.
A concealed weapon cherished by the raptor assassins.

The thin knives fan out when thrown, dealing damage to the target.

Each knife deals paltry damage, but the wide range makes it suitable for constraining enemies.",37,0,0,0,0,2,95,185,0,0,0,-,-,-,-,-,-,40,20,0,10175000,-,-,-,3,0,0,0,0,10,201750,175000,00622,9999999
Ruin Fragment,Tool,#REF!,Material used for crafting items,"Stone fragment found near places where ruins have fallen from the sky.
Can be used for crafting, or simply for throwing at enemies.

These shards of stone are believed to have once been part of a temple in the sky.
They glow with a faint light from within.",1,0,0,0,0,5,155,75,0,0,0,-,-,-,-,-,-,999,10,0,10176000,-,-,-,3,0,0,0,0,10,201760,176000,00523,9999999
Explosive Stone,Tool,#REF!,"Explodes when thrown, inflicting fire damage","A small stone with a smoldering core.

Explodes when thrown at enemies, inflicting fire damage.

Miners employ these stones as tools for rock blasting, but have long forgotten how to craft them.",0,0,108,0,0,20,145,75,0,0,0,-,-,-,-,-,-,20,50,0,10183000,-,-,-,0,0,4,0,0,10,201830,183000,00702,9999999
Explosive Stone Clump,Tool,#REF!,"Explodes when thrown together, inflicting fire damage","A clump of small stones with smoldering cores.

Explodes when thrown together at enemies, inflicting fire damage.

Miners employ these stones as tools for rock blasting, but have long forgotten how to craft them.",0,0,54,0,0,5,155,75,0,0,0,-,-,-,-,-,-,20,50,0,10183100,-,-,-,0,0,4,0,0,10,201831,183100,00703,9999999
Poisoned Stone,Tool,#REF!,Throw at enemies to cause buildup of poison,"A small stone with a poison core.

Throw at enemies to cause buildup of poison.

Miners employ these stones as tools for pest extermination, but have long forgotten how to craft them.",50,0,0,0,0,5,145,75,0,0,65,100,-,-,-,-,-,20,50,0,10184000,501840,-,-,3,0,0,0,0,10,201840,184000,00704,9999999
Poisoned Stone Clump,Tool,#REF!,Throw together to cause buildup of poison,"A clump of small stones with poison cores.

Throw together at enemies to cause buildup of poison.

Miners employ these stones as tools for pest extermination, but have long forgotten how to craft them.",32,0,0,0,0,1,155,75,0,0,65,45,-,-,-,-,-,20,50,0,10184100,501841,-,-,3,0,0,0,0,10,201841,184100,00705,9999999
Ancestral Infant's Head,Tool,#REF!,Uses FP to spray spirit vapor,"Skull of a very young ancestral spirit. Just think how many sproutings It might bear.

Uses FP to spray spirit vapor inflicting magic damage.

The vapor becomes a temporary geyser which deals continuous damage to everything it touches until it disappears.",0,55,0,0,0,5,0,0,160,0,0,-,-,-,-,-,-,1,-,27,10300001,-,-,-,0,7,0,0,0,10,203000,300000,00193,9999999
Omen Bairn,Tool,#REF!,Uses FP to unleash wraiths that chase down foes,"Doll of a curseborn bairn.

Uses FP to unleash wraiths that chase down foes.

Omen babies have all their horns excised, causing most to perish. These fetishes are made to memorialize them.

""Please, don't hate me, or curse me. Please.""",0,0,0,0,105,90,0,0,30,55,0,-,-,-,-,-,-,1,-,24,10301001,-,-,-,0,0,0,0,4,10,203010,301000,00593,9999999
Regal Omen Bairn,Tool,#REF!,Uses FP to unleash many wraiths that chase down foes,"Doll of a curseborn bairn from the Erdtree's royal line.

Uses FP to unleash many wraiths that chase down foes.

Omen babies born of royalty do not have their horns excised, but instead are kept underground, unbeknownst to anyone, imprisoned for eternity.

These memorial fetishes are fashioned in secret.",0,0,0,0,115,90,0,0,105,115,0,-,-,-,-,-,-,1,-,50,10301101,-,-,-,0,0,0,0,4,10,203011,301100,00677,9999999
Miranda's Prayer,Tool,#REF!,Uses FP to call down a deluge of light,"This statuette depicts a flower that preys on humans, posed in prayer.

Uses FP to call down a deluge of light.

Miranda, maiden of the Flower Crucible is said to have been the very first of this breed.",0,0,0,0,95,10,0,0,0,185,0,-,-,-,-,-,-,1,-,43,10302000,-,-,-,0,0,0,0,4,10,203020,302000,00594,9999999
Cuckoo Glintstone,Tool,#REF!,Uses FP to produce a magic bolt,"Lump of broken glintstone enwreathed with magic power. A ""faux sorcery"" used by the Knights of the Cuckoo. Craftable item.

Launched straight ahead, using FP. A magic bolt springs forth from the point of impact.",0,92,0,0,0,15,0,0,135,0,0,-,-,-,-,-,-,10,50,6,10303002,-,-,-,0,7,0,0,0,10,203030,303000,00599,9999999
Glintstone Scrap,Tool,#REF!,Break gem and use FP to produce a magic bolt,"Piece of glintstone tinged with unstable magic. Found in crystal tunnels.

Break gem, using FP to produce a magic bolt.

Poor quality and thereby easily broken, a sorcerer wouldn't give it a second look.",0,82,0,0,0,15,0,0,135,0,0,-,-,-,-,-,-,10,100,4,10305000,-,-,-,0,7,0,0,0,10,203050,305000,00198,9999999
Large Glintstone Scrap,Tool,#REF!,Break gem and use FP to produce many magic bolts,"Large piece of glintstone tinged with unstable magic. Found in crystal tunnels.

Break gem, using FP to produce a magic bolt.

Poor quality and thereby easily broken, a sorcerer wouldn't give it a second look.",0,65,0,0,0,15,0,0,145,0,0,-,-,-,-,-,-,10,100,10,10305100,-,-,-,0,7,0,0,0,10,203051,305100,00706,9999999
Gravity Stone Fan,Tool,#REF!,Uses FP to emit fan-shaped gravitational shockwave,"Shard of rock found in the wake of a meteorite strike.
It is imbued with a particularly weighty magic.

Uses FP to emit gravitational shockwave.

The desperate ones who scavenge for these shards dub themselves ""starcallers.""",160,50,0,0,0,60,85,0,135,0,0,-,-,-,-,-,-,10,100,13,10306001,-,-,-,0,7,0,0,0,10,203060,306000,00199,9999999
Gravity Stone Chunk,Tool,#REF!,Uses FP to cause a gravitational explosion,"Shard of rock found in the wake of a meteorite strike.
It is imbued with a particularly weighty magic.

Throw at enemies, using FP to cause a gravitational explosion.

The desperate ones who scavenge for these shards dub themselves ""starcallers.""",247,50,0,0,0,60,85,0,135,0,0,-,-,-,-,-,-,10,100,5,10307000,-,-,-,0,7,0,0,0,10,203070,307000,00200,9999999
Wraith Calling Bell,Tool,#REF!,Uses FP to ring bell and calls prowling wraiths,"Bell used by worshippers of revenants.

Ring bell, using FP to summon prowling wraiths. This can be done multiple times in a row.

Wraiths are said to be the vengeful spirits of those who died when cursed.",0,120,0,0,0,20,0,0,30,55,0,-,-,-,-,-,-,1,-,7,10308000,-,-,-,0,7,0,0,0,10,203080,308000,00201,9999999
Spark Aromatic,Tool,#REF!,Uses FP to scatter sparks in a wide area,"Art of the perfumers who fought in the Shattering.
Craftable with a perfume bottle.

Uses FP to broadly scatter sparks in a wide arc straight ahead.

Though fire was prohibited to those who served the Erdtree, this rule was forgotten as the war drew ever on.",0,0,352,0,0,20,25,140,0,0,0,-,-,-,-,-,-,10,-,5,10351000,-,-,-,0,0,4,0,0,10,203510,351000,00216,9999999
Poison Spraymist,Tool,#REF!,Uses FP to release poison mist from the mouth,"Forbidden art of depraved perfumers.
Craftable with a perfume bottle.

Uses FP to release a poison mist from user's mouth, causing a buildup of poison.

Perfumed powder is held in the mouth to dissolve before being expelled. It was once a restorative art, or so it is said.",0,0,0,0,0,0,0,0,0,0,65,26,-,-,-,-,-,10,-,12,10358000,503580,-,-,3,0,0,0,0,10,203580,358000,00221,9999999
Fire Pot,Tool,#REF!,Throw at enemies to inflict fire damage,"Craftable item prepared using a cracked pot.
A cocktail of incendiary materials is sealed inside.

Throw at enemies to inflict fire damage.",0,0,230,0,0,20,100,25,0,0,0,-,-,-,-,-,-,10,-,0,10030001,-,-,-,0,0,4,0,0,10,200300,830000,00025,9999999
Redmane Fire Pot,Tool,#REF!,Throw at enemies to inflict heavy fire damage,"Craftable item prepared using a ritual pot.
Engraved with the crest of red-maned lion.

Throw at enemies to inflict heavy fire damage.

Even today, the survivors of Radahn's battalion employ fire to stave off the scarlet rot.",0,0,326,0,0,20,90,25,0,0,0,-,-,-,-,-,-,10,-,0,10030101,-,-,-,0,0,4,0,0,10,200301,830100,00026,9999999
Giantsflame Fire Pot,Tool,#REF!,Uses FP. Throw at enemies to inflict heavy fire damage.,"Craftable item prepared using a ritual pot.
Enchanted by incantations of the Giants' Flame.

Consumes FP. Throw at enemies to inflict heavy fire damage.

Damage scales with faith.",0,0,344,0,0,20,0,0,0,130,0,-,-,-,-,-,-,10,-,10,10030201,-,-,-,0,0,4,0,0,10,200302,830200,00606,9999999
Lightning Pot,Tool,#REF!,Throw at enemies to inflict lightning damage,"Craftable item prepared using a cracked pot.
A cocktail of fulminating materials is sealed inside.

Throw at enemies to inflict lightning damage.",0,0,0,260,0,20,25,90,0,0,0,-,-,-,-,-,-,10,-,0,10032000,-,-,-,0,0,0,4,0,10,200320,832000,00028,9999999
Ancient Dragonbolt Pot,Tool,#REF!,Throw at enemies to inflict heavy lightning damage,"Craftable item prepared using a ritual pot.
Engraved with the crest of the ancient dragon.

Throw at enemies to inflict heavy lightning damage.

Allows one to wield ancient drake lightning regardless of faith. The residual power of relics is a purely natural phenomenon.",0,0,0,340,0,20,25,90,0,0,0,-,-,-,-,-,-,10,-,0,10032100,-,-,-,0,0,0,4,0,10,200321,832100,00029,9999999
Fetid Pot,Tool,#REF!,Throw at enemies to cause buildup of deadly poison,"Craftable item prepared using a cracked pot.
A cocktail of effluents is sealed inside. As the mixture ferments, toxins are produced alongside a putrid stench that seeps out once ripe.

Throw at enemies to cause buildup of deadly poison.

Beware though; those who carry these pots will slowly accumulate poison in their own bodies.

Push someone in a privy; expect to get dung on your hands.",0,0,0,0,0,5,0,0,0,0,65,250,-,-,-,-,-,10,-,0,10033001,3120,-,-,3,0,0,0,0,10,200330,833000,00030,9999999
Swarm Pot,Tool,#REF!,Throw at enemies to release a swarm of flies,"Craftable item prepared using a cracked pot.
A cocktail of effluents is sealed inside.

Throw at enemies to set a swarm of bloodflies upon them. The vile swarm deals damage and builds up onset of blood loss. The cacophony of their wings assails the sanity of berserkers.

The maggots found in waste feed on blood and turn into vicious flies that are pitiably short-lived.",116,0,0,0,0,5,0,0,0,0,65,-,-,-,-,-,-,10,-,0,10034002,473,-,-,3,0,0,0,0,10,200340,834000,00031,9999999
Holy Water Pot,Tool,#REF!,Uses FP. Throw at enemies to inflict holy damage.,"Craftable item prepared using a cracked pot.
Enchanted by incantations of the Golden Order.

Consumes FP. Throw at enemies to inflict holy damage.

Highly effective against Those Who Live in Death, even preventing them from rising again.
The Golden Order has no mercy for those who trespass beyond life's bounds.",0,0,0,0,167,20,0,0,0,140,0,-,-,-,-,-,-,10,-,5,10035001,3200,-,-,0,0,0,0,4,10,200350,835000,00032,9999999
Sacred Order Pot,Tool,#REF!,Uses FP. Throw at enemies to inflict heavy holy damage.,"Craftable item prepared using a ritual pot.
Enchanted by incantations of the Golden Order.

Consumes FP. Throw at enemies to inflict heavy holy damage.

Highly effective against Those Who Live in Death, even preventing them from rising again.
The Golden Order has no mercy for those who trespass beyond life's bounds.",0,0,0,0,312,20,0,0,0,140,0,-,-,-,-,-,-,10,-,11,10035101,500351,-,-,0,0,0,0,4,10,200351,835100,00604,9999999
Poison Pot,Tool,#REF!,Throw at enemies to cause buildup of poison,"Craftable item prepared using a cracked pot.
A cocktail of poisonous materials is sealed inside.

Throw at enemies to cause buildup of poison.",0,0,0,0,0,5,0,0,0,0,65,200,-,-,-,-,-,10,-,0,10037001,500370,-,-,3,0,0,0,0,10,200370,837000,00561,9999999
Roped Fire Pot,Tool,#REF!,Throw behind to inflict fire damage,"Craftable item prepared using a cracked pot.
A cocktail of incendiary materials is sealed inside, and a short rope that aids throwing has been secured around the pot.

Throw at rearward enemies to inflict fire damage.",0,0,230,0,0,10,100,25,0,0,0,-,-,-,-,-,-,10,-,0,10040001,-,-,-,0,0,4,0,0,10,200400,840000,00034,9999999
Roped Lightning Pot,Tool,#REF!,Throw behind to inflict lightning damage,"Craftable item prepared using a cracked pot.
A cocktail of fulminating materials is sealed inside, and a short rope that aids throwing has been secured around the pot.

Throw at rearward enemies to inflict lightning damage.",0,0,0,260,0,10,25,90,0,0,0,-,-,-,-,-,-,10,-,0,10042000,-,-,-,0,0,0,4,0,10,200420,842000,00036,9999999
Roped Fetid Pot,Tool,#REF!,Throw behind to cause buildup of deadly poison,"Craftable item prepared using a cracked pot.
A cocktail of effluents is sealed inside, and a short rope that aids throwing has been secured around the pot.

Throw at rearward enemies to cause buildup of deadly poison.

Beware though; those who carry these pots will slowly accumulate poison in their own bodies.

Push someone in a privy; expect to get dung on your hands.",0,0,0,0,0,5,0,0,0,0,65,250,-,-,-,-,-,10,-,0,10043001,500430,-,-,3,0,0,0,0,10,200430,843000,00037,9999999
Roped Poison Pot,Tool,#REF!,Throw behind to cause buildup of poison,"Craftable item prepared using a cracked pot.
A cocktail of poisonous materials is sealed inside, and a short rope that aids throwing has been secured around the pot.

Throw at rearward enemies to cause buildup of poison.",0,0,0,0,0,5,0,0,0,0,65,200,-,-,-,-,-,10,-,0,10044001,500440,-,-,3,0,0,0,0,10,200440,844000,00566,9999999
Roped Magic Pot,Tool,#REF!,Uses FP. Throw behind to inflict magic damage.,"Craftable item prepared using a cracked pot.
A cocktail of magically resonant materials is sealed inside, and a short rope that aids throwing has been secured around the pot.

Consumes FP. Throw at rearward enemies to inflict magic damage.",0,322,0,0,0,10,0,0,90,0,0,-,-,-,-,-,-,10,-,3,10046001,-,-,-,0,7,0,0,0,10,200460,846000,00707,9999999
Roped Fly Pot,Tool,#REF!,Throw behind to release a swarm of flies,"Craftable item prepared using a cracked pot.
A cocktail of effluents is sealed inside, and a short rope that aids throwing has been secured around the pot.

Throw at rearward enemies to release a swarm of flies. Their fangs inflict countless painful lacerations on the victim while the grating sound of their wings assails their sanity.

The maggots found in waste feed on blood and turn into vicious flies that are pitiably short-lived.",116,0,0,0,0,5,0,0,0,0,65,-,-,70,-,-,-,10,-,0,10047002,473,-,-,3,0,0,0,0,10,200470,847000,00615,9999999
Roped Volcano Pot,Tool,#REF!,"Creates heat cloud, causing continuous fire damage","Craftable item prepared using a cracked pot.
Powdered volcanic rock is sealed inside, and a short rope that aids throwing has been secured around the pot.

Thrown at rearward enemies to disperse a cloud of heat, dealing continuous damage to those caught inside for a short duration.",0,0,82,0,0,3,60,25,0,0,0,-,-,-,-,-,-,10,-,0,10049001,-,-,-,0,0,4,0,0,10,200490,849000,00617,9999999
Roped Holy Water Pot,Tool,#REF!,Uses FP. Throw behind to inflict holy damage.,"Craftable item prepared using a cracked pot.
Enchanted by incantations of the Golden Order, and a short rope that aids throwing has been secured around the pot.

Consumes FP. Throw at rearward enemies to inflict holy damage.

Highly effective against Those Who Live in Death, even preventing them from rising again.
The Golden Order has no mercy for those who trespass beyond life's bounds.",0,0,0,150,0,10,0,0,0,165,0,-,-,-,-,-,-,10,-,5,10051001,500510,-,-,0,0,0,0,4,10,200510,851000,00618,9999999
Volcano Pot,Tool,#REF!,"Creates heat cloud, causing continuous fire damage","Craftable item prepared using a cracked pot.
Powdered volcanic rock is sealed inside.

Throw at enemies to disperse a cloud of heat, dealing continuous damage to those caught inside for a short duration.",0,0,82,0,0,3,60,25,0,0,0,-,-,-,-,-,-,10,-,0,10060001,-,-,-,0,0,4,0,0,10,200600,860000,00585,9999999
Sleep Pot,Tool,#REF!,Uses FP. Throw to cause buildup of sleep.,"Craftable item prepared using a cracked pot.
Enchanted by the incantations of St. Trina.

Consumes FP. Throw enemies to cause buildup of sleep.

Like a lullaby, or a quagmire, its light-purple haze irresistibly draws its victims down into sleep. Sweet dreams.",0,0,0,0,0,5,0,0,0,0,65,-,-,-,-,29,-,10,-,9,10064000,500640,-,-,3,0,0,0,0,10,200640,864000,00213,9999999
Rancor Pot,Tool,#REF!,Uses FP. Throw to spawn vengeful spirits.,"Craftable item prepared using a cracked pot.
Enchanted by the ancient death hex.

Consumes FP. Throw at enemies to spawn vengeful spirits that chase down foes.

In times of old, the dead were burned with ghostflame, and from those cinders arose vengeful spirits.",0,139,0,0,0,5,0,0,30,30,0,-,-,-,-,-,-,10,-,5,10065001,-,-,-,0,7,0,0,0,10,200650,865000,00196,9999999
Magic Pot,Tool,#REF!,Uses FP. Throw to inflict magic damage.,"Craftable item prepared using a cracked pot.
A cocktail of magically resonant materials is sealed inside. Called a ""faux sorcery"" in Raya Lucaria.

Consumes FP. Throw at enemies to inflict magic damage.",0,322,0,0,0,20,0,0,90,0,0,-,-,-,-,-,-,10,-,3,10066001,-,-,-,0,7,0,0,0,10,200660,866000,00197,9999999
Academy Magic Pot,Tool,#REF!,Uses FP. Throw to inflict heavy magic damage.,"Craftable item prepared using a ritual pot.
Enchanted by Raya Lucaria sorceries.

Consumes FP. Throw at enemies to inflict heavy magic damage.

This pot, considered a ""faux sorcery,"" was employed to protect the academy.",0,405,0,0,0,20,0,0,90,0,0,-,-,-,-,-,-,10,-,6,10066101,-,-,-,0,7,0,0,0,10,200661,866100,00559,9999999
Freezing Pot,Tool,#REF!,Throw at enemies to cause buildup of frost,"Craftable item prepared using a ritual pot.
Engraved with the crest of the Carian Royals.

Throw at enemies to cause buildup of frost.

Originates from the cold, dark moon of Ranni, the Carian princess.",0,119,0,0,0,20,-,-,-,-,-,-,-,-,380,-,-,10,-,0,10036001,500360,-,-,-,-,-,-,-,-,-,360,00560,9999999