Name,Type,Icon,Info,Caption,Required (Int),Required (Fai),Required (Arc),Slots Used,FP Cost,FP Cost (Continuous),Stamina Cost,Base Poison Build-up,Base Rot Build-up,Base Blood Build-up,Base Frost Build-up,Base Sleep Build-up,Base Death Blight Build-up,Base Death Blight Build-up (Charged),Base Madness Build-up,Base Madness Build-up (Charged),Base Madness Build-up (Self),Base Madness Build-up (Self; Charged),Damage Boosted By 1,Damage Boosted By 2,Weapon Buff,Shield Buff,Drop Type,Achievement,Usable while Riding,Item Type,ID,Icon ID,AtkParam ID,SpEffect Category,Conditional Weapon Effect,Sort Group ID,Sort ID
Glintstone Pebble,Sorcery,#REF!,Fires magic projectiles from glintstone,"The most basic glintstone sorcery of the Academy of Raya Lucaria.

The glintstone serves as a conduit, launching magical projectiles at foes.
This sorcery can be cast repeatedly and while in motion.

This is a universal first step on the journey to true knowledge of sorcery.",10,0,0,1,7,-,20,-,-,-,-,-,-,-,-,-,-,-,-,-,No,No,White,No,Yes,5,4000,06000,40000,3,0,10,250000
Swift Glintstone Shard,Sorcery,#REF!,Swiftly fires magic projectiles from glintstone,"One of the glintstone sorceries of the Academy of Raya Lucaria.

The glintstone serves as a conduit, launching swift magical projectiles at foes.
This sorcery can be used without delay after performing another action.

Those unworthy of the stone crown typically end their brief journey into sorcery here.",12,0,0,1,5,-,9,-,-,-,-,-,-,-,-,-,-,-,-,-,No,No,White,No,Yes,5,4010,06001,40100,3,0,10,250010
Great Glintstone Shard,Sorcery,#REF!,Fires larger magic projectiles from glintstone,"One of the glintstone sorceries of the Academy of Raya Lucaria.

The glintstone serves as a conduit, launching large magical projectiles at foes.
This sorcery can be cast repeatedly and while in motion.

Those unworthy of the stone crown typically end their brief journey into sorcery here.",16,0,0,1,12,-,26,-,-,-,-,-,-,-,-,-,-,-,-,-,No,No,White,No,Yes,5,4001,06015,40010,3,0,10,250020
Glintstone Cometshard,Sorcery,#REF!,Fires a magic comet with a trailing tail,"One of the glintstone sorceries of the Academy of Raya Lucaria.

Fires a magical comet with a trailing tail.
This sorcery can be cast repeatedly and while in motion. Charging enhances potency.

A sorcery of the Karolos Conspectus, the most venerable of the academy.",36,0,0,1,17,-,28,-,-,-,-,-,-,-,-,-,-,-,-,-,No,No,Purple,No,Yes,5,4020,06002,40201,3,6,10,250030
Comet,Sorcery,#REF!,Fires a great magic comet,"One of the glintstone sorceries of the Academy of Raya Lucaria.

Fires a great magical comet.
This sorcery can be cast repeatedly and while in motion. Charging enhances potency.

The greatest of the Karolos Conspectus's sorceries, that only a very few sorcerers have ever mastered.",52,0,0,1,24,-,31,-,-,-,-,-,-,-,-,-,-,-,-,-,No,No,Purple,No,Yes,5,4021,06003,40211,3,6,10,250040
Shard Spiral,Sorcery,#REF!,Fires twin spiraling projectiles,"One of the glintstone sorceries of the Academy of Raya Lucaria.

Fires twin projectiles that form a spiral as they travel. This sorcery can be cast repeatedly and while in motion.
Charging enhances potency.

A sorcery of the Karolos Conspectus, the most venerable of the academy. This was the product of a failed attempt to create a new comet.",27,0,0,1,14,-,28,-,-,-,-,-,-,-,-,-,-,-,-,-,No,No,White,No,Yes,5,4030,06004,40301,3,0,10,250050
Glintstone Stars,Sorcery,#REF!,Fires three shooting stars that pursue foes,"One of the glintstone sorceries of the Academy of Raya Lucaria.

Fires three magic shooting stars that pursue the target.
This sorcery can be cast while in motion. Charging enhances potency.

A sorcery of the Olivinus Conspectus, which attracts sorcerers from Sellia, Town of Sorcery.",12,0,0,1,12,-,21,-,-,-,-,-,-,-,-,-,-,-,-,-,No,No,White,No,Yes,5,4040,06010,40407,3,7,10,250060
Star Shower,Sorcery,#REF!,Fires six shooting stars that pursue foes,"One of the glintstone sorceries of the Academy of Raya Lucaria.

Fires six magic shooting stars that pursue the target.
This sorcery can be cast while in motion. Charging enhances potency.

The most difficult to master of the Olivinus Conspectus sorceries.",24,0,0,1,23,-,26,-,-,-,-,-,-,-,-,-,-,-,-,-,No,No,Purple,No,Yes,5,4050,06016,40515,3,7,10,250070
Glintstone Arc,Sorcery,#REF!,Fires a horizontally-widening magic arc,"One of the glintstone sorceries of the Academy of Raya Lucaria.

Fires a horizontal arc of magic that spreads outward.
This sorcery can be cast repeatedly and while in motion.

Granted to sorcerers who depart from the academy to embark on journeys, in order to fend off large groups of would-be adversaries. Fools often roam in packs.",13,0,0,1,9,-,18,-,-,-,-,-,-,-,-,-,-,-,-,-,No,No,White,No,Yes,5,4070,06014,40070,3,0,10,250080
Crystal Barrage,Sorcery,#REF!,Fires a volley of glintstone crystal shards,"One of the glintstone sorceries of the Academy of Raya Lucaria.

Fires a volley of glintstone crystal shards.
Charging increases potency.

A sorcery of the Crystal Cadre, a group of sorcerers who pursue the wisdom of stone—the secrets locked in the faint cogitation of the Crystalians.",23,0,0,1,14,2,26,-,-,-,-,-,-,-,-,-,-,-,-,-,No,No,White,No,Yes,5,4060,06009,40601,3,0,10,250090
Crystal Burst,Sorcery,#REF!,Fires a burst of glintstone crystal shards,"One of the glintstone sorceries of the Academy of Raya Lucaria.

Fires a burst of glintstone crystal shards.
This sorcery can be cast repeatedly and while in motion. Charging increases potency.

A sorcery of the Crystal Cadre, a group of sorcerers who pursued the wisdom of stone—the secrets locked in the faint cogitation of the Crystalians.",18,0,0,1,14,-,9,-,-,-,-,-,-,-,-,-,-,-,-,-,No,No,White,No,Yes,5,4090,06006,40905,3,0,10,250100
Cannon of Haima,Sorcery,#REF!,Lobs an explosive magic projectile in an arc,"One of the glintstone sorceries of the Academy of Raya Lucaria.

Lobs an explosive magic projectile that flies in an arc.
Charging enhances potency.

Drawn from the conspectus of Haima, the adjudicator of the academy, this sorcery employs might as a means to quell conflict.",25,0,0,1,38,-,42,-,-,-,-,-,-,-,-,-,-,-,-,-,No,No,Purple,No,Yes,5,4080,06017,40806,3,0,10,250110
Gavel of Haima,Sorcery,#REF!,Attacks using a magic greathammer,"One of the glintstone sorceries of the Academy of Raya Lucaria.

Creates a magical greathammer and slams it down.
Allows one follow-up attack.

Drawn from the scholarly conspectus of Haima, the adjudicator of the academy, this sorcery employs might as a means to quell conflict.",25,0,0,1,22,-,38,-,-,-,-,-,-,-,-,-,-,-,-,-,No,No,Purple,No,No,5,4120,06020,41206,3,0,10,250120
Shatter Earth,Sorcery,#REF!,Thrust staff into ground to emit a shockwave,"One of the glintstone sorceries of the Academy of Raya Lucaria.

Imbues the ferrule of the caster's staff with magic, then thrusts it into the ground to create a magical shockwave.
Allows one follow-up attack.

A Stonedigger sorcery used by the glintstone miners of the crystal tunnel. At the academy, use of this sorcery was a stigma that marked out failed scholars.",15,0,0,1,10,-,22,-,-,-,-,-,-,-,-,-,-,-,Digger's Staff,-,No,No,White,No,No,5,4100,06018,41101,3,4,10,250130
Rock Blaster,Sorcery,#REF!,Thrust staff into ground to emit a massive shockwave,"One of the glintstone sorceries of the Academy of Raya Lucaria.

Imbues the ferrule of the caster's staff with magic, then thrusts it into the ground to create a massive magical shockwave.

Hold to continue moving without striking the ground, and then push the end of the staff into enemies.

An enhanced version of the glintstone miners' Stonedigger sorcery.",21,0,0,1,22,5,35,-,-,-,-,-,-,-,-,-,-,-,Digger's Staff,-,No,No,White,No,No,5,4110,06019,41103,3,4,10,250140
Scholar's Armament,Sorcery,#REF!,Enchants right-hand armament with magic damage,"One of the glintstone sorceries of the Academy of Raya Lucaria.

Enchants armament held in the right hand with magic-affinity attacks.
This sorcery can be cast while in motion.

Taught to the Knights of the Cuckoo by the academy as payment for their contract.",12,0,0,1,25,-,10,-,-,-,-,-,-,-,-,-,-,-,-,-,Yes,No,White,No,No,17,4460,06100,-,3,0,10,250150
Scholar's Shield,Sorcery,#REF!,Enhances left-hand shield damage negation,"One of the glintstone sorceries of the Academy of Raya Lucaria.

Enchants shield held in the left hand with additional damage negation.
This sorcery can be cast while in motion.

Taught to the Knights of the Cuckoo by the academy as payment for their contract.",12,0,0,1,30,-,10,-,-,-,-,-,-,-,-,-,-,-,-,-,No,Yes,White,No,No,17,4470,06101,-,3,0,10,250160
Starlight,Sorcery,#REF!,Creates star light to illuminate surroundings,"One of the glintstone sorceries of the Academy of Raya Lucaria.

Creates a small, floating star light that illuminates surroundings.
This sorcery can be cast while in motion.

Granted to sorcerers who depart from the academy to embark on journeys. Even during the blackest nights, sojourns underground, or imprisonment in gaol, the stars are never far from a sorcerer's side.",15,0,0,1,9,-,5,-,-,-,-,-,-,-,-,-,-,-,-,-,No,No,White,No,Yes,17,4140,06102,-,3,0,10,250170
Terra Magicus,Sorcery,#REF!,Raises the magic strength of those within the sigil,"One of the glintstone sorceries of the Academy of Raya Lucaria.

Draws an academy sigil upon the ground, raising the magic strength of those within.

Once, the sigil would be cast from the highest belfry of the academy, covering the entire institution's grounds. This spell allows such vivid experience of spell-casting success, it turns many a fledgling into a true sorcerer in a flash of newfound understanding.",20,0,0,1,20,-,12,-,-,-,-,-,-,-,-,-,-,-,-,-,No,No,Purple,No,Yes,17,4130,06103,-,3,0,10,250180
Thops's Barrier,Sorcery,#REF!,Erect a magic forcefield to deflect spells,"The lifelong pursuit of Thops the Bluntstone.

Creates a magic forcefield that deflects sorceries and incantations.
Hold to continuously create barriers.

Future generations will learn. They will know the foolishness of the sneering sorcerers who ridiculed this theory, little realizing that it was in fact a discovery worthy of a new conspectus of the academy.",18,0,0,1,7,7,10,-,-,-,-,-,-,-,-,-,-,-,-,-,No,No,Purple,No,Yes,17,4630,06039,-,3,0,10,250190
Comet Azur,Sorcery,#REF!,Fires a tremendous comet within a starry torrent,"Legendary sorcery devised by Azur, primeval sorcerer.

Fires a tremendous comet in a torrent akin to the distant starry expanse, the place said to be the origin of glintstone.
Hold to continue releasing the sorcery's power.

When Azur glimpsed into the primeval current, he saw darkness. He was left both bewitched and fearful of the abyss.",60,0,0,3,40,10,34,-,-,-,-,-,-,-,-,-,-,-,-,-,No,No,Gold,Yes,Yes,5,4200,06012,42004,3,14,10,251000
Stars of Ruin,Sorcery,#REF!,Fires twelve dark shooting stars that pursue foes,"Legendary sorcery devised by Lusat, primeval sorcerer.

Fires twelve dark shooting stars that pursue the target.
This sorcery can be cast while in motion. Charging increases potency.

When Lusat glimpsed into the primeval current, he beheld the final moments of a great star cluster, and upon seeing it, he too was broken.",43,0,0,1,32,-,29,-,-,-,-,-,-,-,-,-,-,-,-,-,No,No,Gold,Yes,Yes,5,4220,06022,42217,3,15,10,251010
Founding Rain of Stars,Sorcery,#REF!,Releases a downpour of star rain for a while,"The eldest primeval sorcery, said to have been discovered by an ancient astrologer. A sorcery of legendary status.

Summons a dark cloud of stars overhead. Shortly after, the cloud will release a violent deluge of star rain. This sorcery can be cast while in motion. Charging increases potency.

Thought to be the founding glintstone sorcery. The glimpse of the primeval current that the astrologer saw became real, and the stars' amber rained down on this land.",52,0,0,2,27,-,31,-,-,-,-,-,-,-,-,-,-,-,-,-,No,No,Gold,Yes,Yes,5,4210,06021,42105,3,0,10,251020
Magic Glintblade,Sorcery,#REF!,Creates sigil that forms a projectile glintblade after delay,"An old sorcery of the Carian royal family.

Creates a sigil overhead, from which an enemy-seeking glintblade appears after a brief delay.
This sorcery can be used while in motion. Charging increases the delay.

Said to be the prototype of the sword-phalanx sorceries wielded by royal enchanted knights.",14,0,0,1,12,-,22,-,-,-,-,-,-,-,-,-,-,-,Carian Glintblade Staff,-,No,No,White,No,Yes,5,4390,06027,43905,3,3,20,252000
Glintblade Phalanx,Sorcery,#REF!,Forms a defensive arch of magic glintblades,"One of the sorceries of the Carian royal family.

Creates a defensive arch of magic glintblades overhead, which automatically attack nearby foes.
This sorcery can be cast while in motion.

Bestowed upon the enchanted Carian knights, who combined this art with their swordsmanship to maintain pressure upon their foes, striking in waves of steel and sorcery.",22,0,0,1,18,-,12,-,-,-,-,-,-,-,-,-,-,-,Carian Glintblade Staff,-,No,No,White,No,Yes,5,4300,06005,43001,3,3,20,252010
Carian Phalanx,Sorcery,#REF!,Forms a defensive arch of numerous magic glintblades,"One of the sorceries of the Carian royal family.

Creates a defensive arch of numerous magic glintblades overhead, which automatically attack nearby foes.
This sorcery can be used cast while in motion.

An enhanced version of the glintblade sorcery used by enchanted knights.",34,0,0,1,24,-,16,-,-,-,-,-,-,-,-,-,-,-,Carian Glintblade Staff,-,No,No,Purple,No,Yes,5,4301,06023,43011,3,3,20,252020
Greatblade Phalanx,Sorcery,#REF!,Forms a defensive arch of larger magic glintblades,"One of the sorceries of the Carian royal family.

Creates a defensive arch of larger magic glintblades overhead, which automatically attack nearby foes.

Used by the enchanted troll knights.
They were the comrades of the young Rennala, bound by oath.",29,0,0,1,30,-,20,-,-,-,-,-,-,-,-,-,-,-,Carian Glintblade Staff,-,No,No,Purple,No,Yes,5,4302,06024,43021,3,3,20,252030
Magic Downpour,Sorcery,#REF!,Summon a magic mass that sprays projectiles over area,"One of the sorceries of the Carian royal family.

Summons a mass of magic that fires projectiles over a wide area.
This sorcery can be cast while in motion. Charging extends duration.

Said to have been taught by the Crystalians to mark the swearing of the old concord.",15,0,0,1,18,-,17,-,-,-,-,-,-,-,-,-,-,-,-,-,No,No,White,No,Yes,5,4370,06011,43711,3,0,20,252040
Loretta's Greatbow,Sorcery,#REF!,Fires great arrow from a magic greatbow,"Sorcery used by Royal Knight Loretta.

Creates a magic greatbow and fires a great arrow.
Charging enhances potency. Hold to keep the great arrow nocked.

It is said that the bow was Loretta's favored weapon.",26,0,0,1,24,-,30,-,-,-,-,-,-,-,-,-,-,-,-,-,No,No,Purple,No,Yes,5,4380,06013,43810,3,0,20,252050
Loretta's Mastery,Sorcery,#REF!,Fires four great arrows from magic greatbow at once,"Sorcery used by Loretta, Knight of the Haligtree.

Creates a magic greatbow and fires four great arrows simultaneously.
Charging enhances potency. Hold to keep the great arrows nocked.

Developed by Loretta after her long, bloody journey to seek out a place where the Albinaurics could live in peace.",46,0,0,1,39,-,33,-,-,-,-,-,-,-,-,-,-,-,-,-,No,No,Purple,No,Yes,5,4381,06026,43816,3,0,20,252060
Rennala's Full Moon,Sorcery,#REF!,Incarnate a full moon and launch it at foes,"Sorcery symbolic of the Carian queen.

Uses the caster as a vessel to incarnate a full moon, then sends it floating toward foes. The full moon dispels all sorcery that touches it, and temporarily reduces magic damage negation for those it strikes.

Queen Rennala encountered this enchanting moon when she was young, and later, it would bewitch the academy.",70,0,0,2,47,-,32,-,-,-,-,-,-,-,-,-,-,-,Carian Regal Scepter,-,No,No,Gold,No,No,5,4360,06007,43601,3,1,20,252070
Ranni's Dark Moon,Sorcery,#REF!,"Incarnate a cold, dark moon and launch it at foes","Legendary sorcery symbolic of the Carian queen.

Uses the caster as a vessel to incarnate a cold, dark moon, then sends it floating toward foes. The dark moon dispels all sorcery that touches it, and temporarily reduces magic damage negation for those it strikes.

This moon was encountered by a young Ranni, led by the hand of her mother, Rennala. What she beheld was cold, dark, and veiled in occult mystery.",68,0,0,2,57,-,32,-,-,-,270,-,-,-,-,-,-,-,Carian Regal Scepter,-,No,No,Gold,Yes,No,5,4361,06025,43611,3,1,20,252080
Carian Slicer,Sorcery,#REF!,Performs swift sweeping slash using magical sword,"One of the sorceries of the Carian royal family.

Conjures a magic sword and delivers a swift sweeping slash. 
This sorcery can be used without delay after performing another action.

Even among the Carian sword sorceries, this is a notably effective technique.",14,0,0,1,4,-,12,-,-,-,-,-,-,-,-,-,-,-,Carian Glintstone Staff,-,No,No,White,No,Yes,5,4440,06051,44408,3,2,20,252090
Carian Greatsword,Sorcery,#REF!,Performs sweeping slash using magical greatsword,"One of the sorceries of the Carian royal family.

Conjures a magic greatsword and then delivers a sweeping blow.
This sorcery can be cast repeatedly.

Armed with this spell, sorcerers gain the strength of knights, their loyalty sworn to the moon.",24,0,0,1,12,-,22,-,-,-,-,-,-,-,-,-,-,-,Carian Glintstone Staff,-,No,No,White,No,Yes,5,4430,06050,44308,3,2,20,252100
Carian Piercer,Sorcery,#REF!,Impales foes with magical greatsword,"One of the sorceries of the Carian royal family.

Conjures a magic greatsword to impale foes.
Charging lengthens the initial step in.

This sorcery forms a counterpart to Carian Greatsword.
Highly lethal when used against single foes riding alone.",27,0,0,1,17,-,25,-,-,-,-,-,-,-,-,-,-,-,Carian Glintstone Staff,-,No,No,White,No,Yes,5,4450,06052,44506,3,2,20,252110
Adula's Moonblade,Sorcery,#REF!,Sweeping slash followed by cold blade projectile,"Sorcery of Adula, the Glintstone Dragon.

Conjures a cold magic greatsword, then delivers a sweeping blow that launches a blade-like projectile of frost.
This sorcery can be cast repeatedly.

Adula, a devourer of sorcerers, was bested by Ranni and subsequently swore a knightly oath to her Dark Moon.",32,0,0,1,22,-,22,-,-,-,35,-,-,-,-,-,-,-,Carian Glintstone Staff,-,No,No,Purple,No,Yes,5,4431,06031,44319,3,2,20,252120
Lucidity,Sorcery,#REF!,Alleviates buildup of sleep and madness,"One of the sorceries of the Carian royal family.

Alleviates buildup of sleep and madness.
This sorcery can be cast while in motion.

The Carian knights never waver.",17,0,0,1,10,-,10,-,-,-,-,-,-,-,-,-,-,-,-,-,No,No,White,No,Yes,17,4480,06032,-,3,0,20,252130
Carian Retaliation,Sorcery,#REF!,Dispels enemy spells and retaliates with glintblades,"One of the sorceries of the Carian royal family.

Swing your staff to dispel incoming sorceries and incantations, using their power to retaliate with glintblades.

This was the Carian royal family's secret means to prepare against the disloyalty of the academy. The moon and stars would one day go their separate ways.",17,0,0,1,8,-,15,-,-,-,-,-,-,-,-,-,-,-,Carian Glintblade Staff,-,No,No,White,No,Yes,17,4640,06040,46401,3,3,20,252140
Ambush Shard,Sorcery,#REF!,Strikes from behind with projectile fired from distance,"One of the night sorceries of Sellia, Town of Sorcery.

Launches a projectile from a distance removed from the caster, so as to strike the enemy from behind.
This sorcery can be cast repeatedly.

The Sellian sorcerers were assassins, and it is said that they often hunted their fellows.",23,0,0,1,13,-,15,-,-,-,-,-,-,-,-,-,-,-,-,-,No,No,White,No,Yes,5,4600,06036,46000,3,0,30,253000
Night Shard,Sorcery,#REF!,Swiftly fires semi-invisible magic projectile,"One of the night sorceries of Sellia, Town of Sorcery.

Swiftly fires a semi-invisible projectile.
This sorcery can be used without delay after performing another action.

The Sellian sorcerers were assassins, and it is said that they often hunted their fellows.",18,0,0,1,7,-,9,-,-,-,-,-,-,-,-,-,-,-,Staff of Loss,-,No,No,White,No,Yes,5,4610,06037,46100,3,12,30,253010
Night Comet,Sorcery,#REF!,Fires semi-invisible magic comet,"One of the night sorceries of Sellia, Town of Sorcery.

Fires a semi-invisible magic comet.
This sorcery can be cast repeatedly and while in motion. Charging enhances potency.

The Sellian sorcerers were assassins, and it is said that they often hunted their fellows.",38,0,0,1,21,-,30,-,-,-,-,-,-,-,-,-,-,-,Staff of Loss,-,No,No,White,No,Yes,5,4620,06038,46201,3,12,30,253020
Night Maiden's Mist,Sorcery,#REF!,Releases life-sapping silver mist before caster,"One of the night sorceries of Sellia, Town of Sorcery.

Releases a life-sapping silver mist before the caster, dealing damage to all caught within, including the caster.
This sorcery can be cast while in motion.

Below Sellia, the Eternal City of Nokron sleeps. This sorcery originates from the maidens of that place.",14,0,0,1,20,-,20,-,-,-,-,-,-,-,-,-,-,-,-,-,No,No,White,No,Yes,5,6500,06253,65006,3,0,30,253025
Unseen Blade,Sorcery,#REF!,Makes right-hand armament completely invisible,"One of the night sorceries of Sellia, Town of Sorcery.

Enchants armament held in right hand, making it completely invisible.
This sorcery can be cast while in motion.

Used by Sellian assassins to present themselves as unarmed sorcerers.",12,0,0,1,13,-,10,-,-,-,-,-,-,-,-,-,-,-,Staff of Loss,-,Yes,No,White,No,No,17,4660,06702,-,3,12,30,253030
Unseen Form,Sorcery,#REF!,Makes the caster semi-invisible,"One of the night sorceries of Sellia, Town of Sorcery.

Makes the caster semi-invisible.
While on horseback, effect extends to cover the mount.
This sorcery can be cast while in motion.

The Sellian assassins considered every option that aided their dirty work.",16,0,0,1,20,-,10,-,-,-,-,-,-,-,-,-,-,-,Staff of Loss,-,No,No,White,No,Yes,17,4670,06704,-,3,12,30,253040
Eternal Darkness,Sorcery,#REF!,Creates dark space that draws in spells,"Forbidden sorcery of Sellia, Town of Sorcery.

Creates a space of darkness that draws in sorceries and incantations.
This sorcery can be cast while in motion.

Originally a lost sorcery of the Eternal City; the despair that brought about its ruin made manifest.",35,0,0,1,25,-,15,-,-,-,-,-,-,-,-,-,-,-,-,-,No,No,Purple,No,Yes,17,4650,06041,-,3,6,30,253060
Magma Shot,Sorcery,#REF!,Fires lump of magma that explodes on contact,"One of the sorceries developed from the magma of Mt. Gelmir.

Fires a lump of magma that explodes on contact.
Charging enhances potency.

After discovering the ancient hexes of Gelmir, Rykard, son of Queen Rennala, brought them back into practical use as new forms of sorcery.",19,10,0,1,16,-,21,-,-,-,-,-,-,-,-,-,-,-,Gelmir Glintstone Staff,-,No,No,White,No,Yes,5,4800,06205,48007,3,8,30,254000
Roiling Magma,Sorcery,#REF!,Fires lump of magma that explodes after delay,"One of the sorceries developed from the magma of Mt. Gelmir.

Fires a lump of condensed magma that explodes a short delay after hitting the target.
Charging enhances potency and further delays the explosion.

After discovering the ancient hexes of Gelmir, Rykard, son of Queen Rennala, brought them back into practical use as new forms of sorcery.",21,12,0,1,28,-,27,-,-,-,-,-,-,-,-,-,-,-,Gelmir Glintstone Staff,-,No,No,White,No,Yes,5,4820,06213,48216,3,8,30,254010
Gelmir's Fury,Sorcery,#REF!,Covers area with surge of magma from the earth,"One of the sorceries developed from the magma of Mt. Gelmir.

Conjures a surge of magma from the earth, covering the area.
Charging extends the surge of magma.

This sorcery is held to represent the fury of the volcano, but the arrogance of attempting to harness it is solely that of men and serpents.",28,15,0,1,16,3,38,-,-,-,-,-,-,-,-,-,-,-,Gelmir Glintstone Staff,-,No,No,Purple,No,No,5,4810,06212,48107,3,8,30,254020
Rykard's Rancor,Sorcery,#REF!,Releases searing spirits that repeatedly explode after delay,"The terrible power of Rykard, Lord of Blasphemy.

Summons searing spirits that leave a trail of delayed explosions in their wake.

These spirits manifest from the rancor of heroes who met a violent end. The lord granted them an audience, whereupon they were welcomed by the maw of the great serpent—and within the serpent's bowels, they became the lord's kin.",40,18,0,2,23,-,36,-,-,-,-,-,-,-,-,-,-,-,Gelmir Glintstone Staff,-,No,No,Gold,No,Yes,5,4830,06045,48300,3,8,30,254030
Glintstone Icecrag,Sorcery,#REF!,Fires mass of cold magic from glintstone,"Sorcery said to have been used by the old snow witch.

The glintstone serves as a conduit, launching a mass of cold magic.
This sorcery can be cast repeatedly and while in motion.

The snowy crone taught the young Ranni to fear the dark moon as she imparted her cold sorcery.",15,0,0,1,12,-,26,-,-,-,100,-,-,-,-,-,-,-,-,-,No,No,White,No,Yes,5,4400,06028,44000,3,13,40,255000
Freezing Mist,Sorcery,#REF!,Releases cold mist before caster,"Sorcery said to have been used by the old snow witch.

Releases a cold mist before the caster.
This sorcery can be cast while in motion. Charging enhances range of the mist.

The snowy crone taught the young Ranni to fear the dark moon as she imparted her cold sorcery.",21,0,0,1,20,-,13,-,-,-,120,-,-,-,-,-,-,-,-,-,No,No,White,No,Yes,17,4420,06030,-,3,13,40,255010
Frozen Armament,Sorcery,#REF!,Enchants right-hand armament with frost,"Sorcery said to have been used by the old snow witch.

Enchants armament held in the right hand with frost.
This sorcery can be cast while in motion.

The snowy crone taught the young Ranni to fear the dark moon as she imparted her cold sorcery.",15,0,0,1,20,-,10,-,-,-,63,-,-,-,-,-,-,-,-,-,Yes,No,White,No,No,17,4490,06507,-,3,13,40,255020
Zamor Ice Storm,Sorcery,#REF!,Thrust staff into ground to create freezing tornado,"Ice sorcery of the Town of Zamor.

Strike the ground with the staff to create a freezing tornado.
Charging enhances potency.

Cloaked in icy tempests, the knights of Zamor have challenged the Fire Giants since ancient times.",36,0,0,1,17,-,27,-,-,-,80,-,-,-,-,-,-,-,-,-,No,No,Purple,No,No,5,4410,06029,44106,3,13,40,255030
Shattering Crystal,Sorcery,#REF!,Creates crystal mass that shatters in forward burst,"Sorcery of the mysterious Crystalians.

Creates a mass of crystal, then shatters it in a forward burst.
Charging enhances potency.

The Crystalians are inorganic beings, yet they live. They cleave close to the ideals of the primeval current, and as such, they are revered guests of the sorcerers.",38,0,0,1,21,-,30,-,-,-,-,-,-,-,-,-,-,-,Crystal Staff,Rotten Crystal Staff,No,No,Purple,No,Yes,5,4500,06033,45007,3,5,40,256000
Crystal Torrent,Sorcery,#REF!,Creates crystal mass that fires stream of crystal shards,"Sorcery of the mysterious Crystalians.

Creates a mass of crystal, then fires off shards in rapid succession.
Hold to continue firing shards.

The wrath of the Crystalians encapsulated in sorcery. Each shard is of substantial size, making even a stray blow capable of inflicting a severe wound.",47,0,0,1,20,5,30,-,-,-,-,-,-,-,-,-,-,-,Crystal Staff,Rotten Crystal Staff,No,No,Purple,No,Yes,5,4520,06035,45201,3,5,40,256010
Crystal Release,Sorcery,#REF!,Scours area with violent rain of crystal shards,"Sorcery of the mysterious Crystalians.

Creates a mass of crystal, then shatters it to scour a wide area with a violent rain of crystal shards.

This sorcery is used by high-ranking adepts among the Crystalians. Some also call this sorcery ""the Crystal Sun.""",41,0,0,1,34,-,26,-,-,-,-,-,-,-,-,-,-,-,Crystal Staff,Rotten Crystal Staff,No,No,Purple,No,Yes,5,4510,06034,45101,3,5,40,256020
Gravity Well,Sorcery,#REF!,Pulls foes toward caster with gravity projectile,"One of the glintstone sorceries that manipulates gravitational forces.

Fires a projectile of condensed gravitational force. Those struck by it will be pulled toward the caster.
Charging enhances potency.

A gravitational technique studied by the young Radahn. His master was an Alabaster Lord with skin of stone.",17,0,0,1,12,-,20,-,-,-,-,-,-,-,-,-,-,-,Meteorite Staff,-,No,No,White,No,No,5,4720,06043,47205,3,11,50,257000
Collapsing Stars,Sorcery,#REF!,Pulls foes toward caster with gravity projectile volley,"One of the glintstone sorceries that manipulates gravitational forces.

Fires numerous gravitational projectiles. Any foes struck will be pulled toward the caster.
Charging enhances potency.

A gravitational technique mastered by the young Radahn.
""I thank you for your tutelage, for now I can challenge the stars.""",36,0,0,1,18,-,27,-,-,-,-,-,-,-,-,-,-,-,Meteorite Staff,-,No,No,Purple,No,No,5,4721,06044,47216,3,11,50,257010
Rock Sling,Sorcery,#REF!,Summons rocks from the earth and sends it flying,"One of the glintstone sorceries that manipulates gravitational forces.

Pulls a clump of rocks from the earth and sends them flying.
This sorcery can be cast while in motion.

A gravitational technique studied by the young Radahn. His master was an Alabaster Lord with skin of stone.",18,0,0,1,18,-,29,-,-,-,-,-,-,-,-,-,-,-,Meteorite Staff,-,No,No,White,No,Yes,5,4710,06071,47100,3,11,50,257020
Meteorite,Sorcery,#REF!,Calls small meteorites down from the sky,"One of the glintstone sorceries that manipulates gravitational forces.

Summons a void that emits a rain of small meteorites.
Hold to continue the effect.

This sorcery originates from the Onyx Lords, who had skin of stone, and were called lords in reverential fear of their destructive power.",30,0,0,1,30,10,35,-,-,-,-,-,-,-,-,-,-,-,Meteorite Staff,-,No,No,White,No,No,5,4700,06070,47001,3,11,50,257030
Meteorite of Astel,Sorcery,#REF!,Calls a hail of small meteorites from the void,"One of the glintstone sorceries that manipulates gravitational forces.

Summons a void that emits a hail of meteorites.
Hold to continue the effect.

A manifestation of the power with which Astel leveled the Eternal City.",55,0,0,2,60,12,40,-,-,-,-,-,-,-,-,-,-,-,Meteorite Staff,-,No,No,Purple,No,No,5,4701,06042,47011,3,11,50,257040
Oracle Bubbles,Sorcery,#REF!,Launches several small magic bubbles,"Sorcery of the claymen who served as priests in the ancient dynasty.

Produces several small magical bubbles that drift towards foes before they naturally pop.
Charging increases the delay before the bubbles pop.

The claymen search for lost oracles within their bubbles.",19,0,15,1,12,-,18,-,-,-,-,-,-,-,-,-,-,-,-,-,No,No,White,No,Yes,5,5100,06607,51005,3,0,50,258000
Great Oracular Bubble,Sorcery,#REF!,Launches a large magic bubble,"Sorcery of the claymen who served as priests in the ancient dynasty.

Produces a gigantic magical bubble that drifts towards foes before it naturally ruptures.
Charging increases the delay before the bubble pops.

The claymen search for lost oracles within their bubbles.",25,0,18,1,16,-,27,-,-,-,-,-,-,-,-,-,-,-,-,-,No,No,White,No,Yes,5,5110,06608,51015,3,0,50,258010
Briars of Sin,Sorcery,#REF!,Summons thorns from a whorl of own blood,"An aberrant sorcery discovered by exiled criminals.
Theirs are the sorceries most reviled by the academy.

Wounds the caster with thorns of sin, creating a spiral of bloodthorns.
This sorcery can be cast repeatedly, up to three times.

The guilty, their eyes gouged by thorns, lived in eternal darkness. There, they discovered the blood star.",0,24,0,1,6,-,26,-,-,95,-,-,-,-,-,-,-,-,Staff of the Guilty,-,No,No,White,No,No,5,4900,06046,49002,3,9,50,259000
Briars of Punishment,Sorcery,#REF!,Wounds caster to unleash trail of bloodthorns,"An aberrant sorcery discovered by exiled criminals.
Theirs are the sorceries most reviled by the academy.

Wounds the caster with thorns of punishment, sending a trail of bloodthorns running over the ground to impale enemies from below.
This sorcery can be cast repeatedly.

The guilty, their eyes gouged by thorns, lived in eternal darkness. There, they discovered the blood star.",0,21,0,1,9,-,22,-,-,72,-,-,-,-,-,-,-,-,Staff of the Guilty,-,No,No,Purple,No,No,5,4910,06047,49101,3,9,50,259010
Rancorcall,Sorcery,#REF!,Summons vengeful spirits that chase down foes,"Sorcery of the servants of Death.

Summons vengeful spirits that chase down foes.
Charging enhances potency.

Once thought lost, this ancient death hex was rediscovered by the necromancer Garris.",16,14,0,1,12,-,21,-,-,-,-,-,-,-,-,-,-,-,Prince of Death's Staff,-,No,No,White,No,Yes,5,5000,06048,50005,3,10,60,260000
Ancient Death Rancor,Sorcery,#REF!,Summons horde of vengeful spirits that chase down foes,"Sorcery of the servants of Death.

Summons a horde of vengeful spirits that chase down foes. Charging enhances potency.

They are cinders of the ancient death hex, raked from the fires of ghostflame by Deathbirds.",34,24,0,1,21,-,27,-,-,-,-,-,-,-,-,-,-,-,Prince of Death's Staff,-,No,No,Purple,No,Yes,5,5001,06049,50016,3,10,60,260010
Explosive Ghostflame,Sorcery,#REF!,Causes ghostflame explosion that burns wide area,"Sorcery of the servants of Death.

Strike the ground with the staff, triggering an explosion of ghostflame that burns the surrounding area.

In the time when there was no Erdtree, death was burned in ghostflame. Deathbirds were the keepers of that fire.",42,30,0,1,29,-,45,-,-,-,130 and 38,-,-,-,-,-,-,-,Prince of Death's Staff,-,No,No,Purple,No,No,5,5010,06053,50101,3,10,60,260020
Fia's Mist,Sorcery,#REF!,Releases a mist of death before caster,"Sorcery of Fia, the Deathbed Companion.

Creates a deathly mist before the caster, which inflicts Death blight upon those who enter.
This sorcery can be cast while in motion. Charging enhances range of the mist.

This sorcery was developed to oppose the Roundtable Hold, and is effective only against the Tarnished.",23,18,0,1,25,-,13,-,-,-,-,-,20,-,-,-,-,-,Prince of Death's Staff,-,No,No,Purple,No,Yes,17,5020,06054,-,3,10,60,260030
Tibia's Summons,Sorcery,#REF!,Summons Those Who Live in Death,"Sorcery of the servants of Death.

Summons a group of Those Lost in Death.
Three skeletons will appear some distance from the caster and attack foes before disappearing.

The dead have long been left to wander; what they need is leadership. ",28,20,0,1,17,-,27,-,-,-,-,-,-,-,-,-,-,-,Prince of Death's Staff,-,No,No,Purple,No,No,5,5030,06099,50300,3,10,60,260040
Urgent Heal,Incantation,#REF!,Heals a small amount of HP,"Incantation of the Two Fingers' faithful.

Heals a small amount of HP.
This incantation can be cast while in motion.

The Two Fingers has high hopes for the Tarnished; that even if they should be wounded, even should they fall, they will continue to fight for their duty.",0,8,0,1,16,-,30,-,-,-,-,-,-,-,-,-,-,-,-,-,No,No,White,No,Yes,18,6420,06300,-,4,0,10,300000
Heal,Incantation,#REF!,Heals HP for self and nearby allies,"Incantation of the Two Fingers' faithful.

Heals HP for the caster and nearby allies.
Hold to continue praying and delay activation.

The Two Fingers has high hopes for the Tarnished; that even if they should be wounded, even should they fall, they will continue to fight for their duty.",0,12,0,1,32,-,35,-,-,-,-,-,-,-,-,-,-,-,-,-,No,No,White,No,Yes,18,6421,06301,-,4,0,10,300010
Great Heal,Incantation,#REF!,Greatly heals HP for self and nearby allies,"Superior incantation of the Two Fingers' faithful.

Greatly heals HP for the caster and nearby allies.
Hold to continue praying and delay activation.

The Two Fingers has high hopes for the Tarnished; that even if they should be wounded, even should they fall, they will continue to fight for their duty.",0,15,0,1,45,-,40,-,-,-,-,-,-,-,-,-,-,-,-,-,No,No,White,No,Yes,18,6422,06505,-,4,0,10,300020
Lord's Heal,Incantation,#REF!,Massively heals HP for self and nearby allies,"Incantation bestowed by the Two Fingers upon the Tarnished deemed worthy of becoming a lord.

Heals a massive amount of HP for the caster and nearby allies.
Hold to continue praying and delay activation.

Tarnished—O, Tarnished! Seek the Erdtree and stand before Marika, its Queen. Become the Elden Lord!",0,20,0,1,55,-,45,-,-,-,-,-,-,-,-,-,-,-,-,-,No,No,Purple,No,Yes,18,6423,06506,-,4,0,10,300030
Cure Poison,Incantation,#REF!,Alleviates poison buildup and cures poison,"Incantation of the Two Fingers' faithful.

Alleviates poison buildup and cures poison.
This incantation can be cast while in motion.

The Two Fingers has high hopes for the Tarnished; that even if they should be wounded, even should they fall, they will continue to fight for their duty.",0,10,0,1,7,-,10,-,-,-,-,-,-,-,-,-,-,-,-,-,No,No,White,No,Yes,18,6440,06057,-,4,0,10,300040
Lord's Aid,Incantation,#REF!,Alleviates poison/blood loss/sleep buildup for self/allies,"Incantation bestowed by the Two Fingers upon the Tarnished deemed worthy of becoming a lord.

Alleviates buildup of poison, blood loss, and sleep for the caster and nearby allies. Additionally, cures poison.

Hold to continue praying and delay activation.",0,12,0,1,12,-,10,-,-,-,-,-,-,-,-,-,-,-,-,-,No,No,Purple,No,Yes,18,6441,06058,-,4,0,10,300050
Magic Fortification,Incantation,#REF!,Increases magic damage negation,"Incantation of the Two Fingers' faithful.

Increases magic damage negation.
This incantation can be cast while in motion.

Follow the path that has been set for you, and you will make enemies of all others: the monks, the sorcerers, the ancient dragon knights, and the scions of gold. Heed me—the Lands Between offers no welcome to the Tarnished.",0,10,0,1,20,-,13,-,-,-,-,-,-,-,-,-,-,-,-,-,No,No,White,No,Yes,18,6460,06708,-,4,0,10,300060
Flame Fortification,Incantation,#REF!,Increases fire damage negation,"Incantation of the Two Fingers' faithful.

Increases fire damage negation.
This incantation can be cast while in motion.

Follow the path that has been set for you, and you will make enemies of all others: the monks, the sorcerers, the ancient dragon knights, and the scions of gold. Heed me—the Lands Between offers no welcome to the Tarnished.",0,10,0,1,20,-,13,-,-,-,-,-,-,-,-,-,-,-,-,-,No,No,White,No,Yes,18,6450,06707,-,4,0,10,300070
Lightning Fortification,Incantation,#REF!,Increases lightning damage negation,"Incantation of the Two Fingers' faithful.

Increases lightning damage negation.
This incantation can be cast while in motion.

Follow the path that has been set for you, and you will make enemies of all others: the monks, the sorcerers, the ancient dragon knights, and the scions of gold. Heed me—the Lands Between offers no welcome to the Tarnished.",0,10,0,1,20,-,13,-,-,-,-,-,-,-,-,-,-,-,-,-,No,No,White,No,Yes,18,6470,06709,-,4,0,10,300080
Divine Fortification,Incantation,#REF!,Increases holy damage negation,"Incantation of the Two Fingers' faithful.

Increases holy damage negation.
This incantation can be cast while in motion.

Follow the path that has been set for you, and you will make enemies of all others: the monks, the sorcerers, the ancient dragon knights, and the scions of gold. Heed me—the Lands Between offers no welcome to the Tarnished.",0,10,0,1,20,-,13,-,-,-,-,-,-,-,-,-,-,-,-,-,No,No,White,No,Yes,18,6480,06710,-,4,0,10,300090
Lord's Divine Fortification,Incantation,#REF!,Greatly increases holy damage negation incl. allies,"Incantation taught to Gideon the All-Knowing by the Two Fingers.

Greatly increases holy damage negation for the caster and nearby allies.
Hold to continue praying and delay activation.

Gideon gained true knowledge after his long exchange with the Two Fingers—discovering all had been broken long ago; that the trembling fingers, bent with age, and the Erdtree itself, were no exception.",0,27,0,1,30,-,20,-,-,-,-,-,-,-,-,-,-,-,-,-,No,No,Purple,No,Yes,18,6490,06711,-,4,0,10,300100
Rejection,Incantation,#REF!,Produces a shockwave that pushes away foes,"Incantation of the Two Fingers' faithful.

Produces a shockwave that knocks back nearby foes.
Charging increases the size of the shockwave.

Hark, Tarnished! If you truly walk in faith, you must be prepared to reject all else.",0,12,0,1,9,-,24,-,-,-,-,-,-,-,-,-,-,-,-,-,No,No,White,No,Yes,16,6400,06250,64005,4,0,10,300110
Shadow Bait,Incantation,#REF!,Creates shadow that lures the aggression of foes of human build,"Incantation of the Two Fingers' servants, who once served as the assassins of the Roundtable Hold.

Creates a pale gold shadow before the caster, luring foes of human build and attracting their aggression.
This incantation can be cast while in motion or crouching, and will still affect foes that are already in a combat state.

It is said that those beguiled by the shadow see within it a hated foe.",0,13,0,1,15,-,14,-,-,-,-,-,-,-,-,-,-,-,-,-,No,No,White,No,Yes,18,6520,06313,-,4,0,10,301000
Darkness,Incantation,#REF!,Creates area of darkness that conceals caster,"Incantation of the Two Fingers' servants, who once served as the assassins of the Roundtable Hold.

Creates a veil of darkness that conceals the caster.
This incantation can be cast while in motion or crouching.

The assassins were themselves once Tarnished who had strayed from guidance, and they pursued their duty in the darkness that is without grace.",0,18,0,1,24,-,24,-,-,-,-,-,-,-,-,-,-,-,-,-,No,No,White,No,Yes,18,6530,06059,-,4,0,10,301010
Assassin's Approach,Incantation,#REF!,"Silences footsteps, reduces fall damage/sound","Incantation of the Two Fingers' servants, who once served as the assassins of the Roundtable Hold.

Completely silences the footsteps of the caster. Additionally, reduces fall damage and the sound produced by falling.
This incantation can be cast while in motion or crouching.

The assassins were charged with eliminating Tarnished who had strayed from guidance.",0,10,0,1,15,-,13,-,-,-,-,-,-,-,-,-,-,-,-,-,No,No,White,No,Yes,18,6510,06312,-,4,0,10,301020
Golden Vow,Incantation,#REF!,Increases attack and defense for self and allies,"An incantation of Erdtree Worship.

Increases attack power and defense for the caster and nearby allies.
Hold to continue praying and delay activation.

This incantation has been taught to knights of the royal capital for generations, and knights sent on distant expeditions lean on it as a source of courage.",0,25,0,1,47,-,50,-,-,-,-,-,-,-,-,-,-,-,-,-,No,No,White,No,Yes,18,6600,06504,-,4,0,20,302000
Barrier of Gold,Incantation,#REF!,Greatly increases magic damage negation for self & allies,"One of the incantations of Erdtree Worship.

Greatly increases magic damage negation for the caster and nearby allies.
Hold to continue praying and delay activation.

This incantation was used by the champions of the Erdtree in the First and Second Liurnian Wars, during which the red-haired Radagon joined the heroes' ranks.",0,24,0,1,30,-,13,-,-,-,-,-,-,-,-,-,-,-,-,-,No,No,White,No,Yes,18,6330,06311,-,4,0,20,302010
Golden Lightning Fortification,Incantation,#REF!,Greatly increases lightning resistance for self and allies,"An incantation of Erdtree Worship.

Greatly increases lightning damage negation for the caster and nearby allies.
Hold to continue praying, delaying the effect.

This incantation was used by the knights of the Erdtree during the assault by the great ancient dragon Gransax, and the bitter War of the Ancient Dragons that followed.",0,24,0,1,30,-,20,-,-,-,-,-,-,-,-,-,-,-,-,-,No,No,White,No,Yes,18,7903,06706,-,4,0,20,302020
Protection of the Erdtree,Incantation,#REF!,Increases affinity damage negation for self & allies,"A superior incantation of Erdtree Worship.

Increase damage negation for all affinities except physical, for both the caster and nearby allies.
Hold to continue praying and delay activation.

In the beginning, everything was in opposition to the Erdtree. But through countless victories in war, it became the embodiment of Order.",0,35,0,1,30,-,50,-,-,-,-,-,-,-,-,-,-,-,-,-,No,No,Purple,No,Yes,18,6340,06255,-,4,0,20,302030
Wrath of Gold,Incantation,#REF!,Produces golden shockwave that knocks back foes,"Superior Erdtree Worship incantation.

Produces a golden shockwave that knocks back nearby foes.
Charging increases the size of the shockwave.

This incantation was discovered when the Elden Ring was shattered, and it was feared as a sign of the Erdtree's wrath.",0,32,0,1,40,-,44,-,-,-,-,-,-,-,-,-,-,-,-,-,No,No,Purple,No,Yes,16,6410,06251,64105,4,0,20,302040
Erdtree Heal,Incantation,#REF!,Vastly heals HP for self and nearby allies,"One of the ancient Erdtree incantations.

Heals a vast amount of HP for the caster and nearby allies.
Hold to continue praying and delay activation.

The Erdtree once flourished with abundance—yet it was only for a fleeting moment. Such is the course of all life.",0,42,0,1,65,-,50,-,-,-,-,-,-,-,-,-,-,-,-,-,No,No,Purple,No,Yes,18,6424,06302,-,4,0,20,303000
Blessing's Boon,Incantation,#REF!,Grants blessing to self and nearby allies,"One of the ancient Erdtree incantations.

Grants a blessing to the caster and nearby allies, gradually restoring HP.
Hold to continue praying and delay activation.

Blessings once fell like tears from the Erdtree, and this incantation is but a lingering remnant of their power.",0,24,0,1,30,-,30,-,-,-,-,-,-,-,-,-,-,-,-,-,No,No,White,No,Yes,18,6430,06304,-,4,0,20,303010
Blessing of the Erdtree,Incantation,#REF!,Grants greater blessing to self and nearby allies,"One of the ancient Erdtree incantations.

Grants a greater blessing to the caster and nearby allies, gradually restoring a large amount of HP.
Hold to continue praying and delay activation.

The Erdtree once flourished with abundance—yet it was only for a fleeting moment. Such is the course of all life.",0,38,0,1,60,-,50,-,-,-,-,-,-,-,-,-,-,-,-,-,No,No,Purple,No,Yes,18,6431,06305,-,4,0,20,303020
Aspects of the Crucible: Breath,Incantation,#REF!,Creates throat pouch to spew fire while walking,"One of the ancient Erdtree incantations.

Creates a throat pouch on the caster's neck, allowing them to spew fiery breath while walking.
Charging increases duration of the breath.

This is a manifestation of the Erdtree's primal vital energies—an aspect of the primordial crucible, where all life was once blended together.",0,27,0,1,28,4,40,-,-,-,-,-,-,-,-,-,-,-,-,-,No,No,White,No,No,16,7520,06615,75200,4,28,20,303030
Aspects of the Crucible: Tail,Incantation,#REF!,Creates supple tail to sweep area before caster,"One of the ancient Erdtree incantations.

Creates a supple tail that sweeps through foes before the caster.
Charging enhances potency.

This is a manifestation of the Erdtree's primal vital energies—an aspect of the primordial crucible, where all life was once blended together.",0,27,0,1,20,-,32,-,-,-,-,-,-,-,-,-,-,-,-,-,No,No,White,No,No,16,7500,06613,75005,4,28,20,303040
Aspects of the Crucible: Horns,Incantation,#REF!,Creates shoulder horn to gore foes from low stance,"One of the ancient Erdtree incantations.

Creates a mighty horn on the caster's shoulder to gore foes from a low stance.
Charging allows the caster to barrel into foes before delivering the final attack.

This is a manifestation of the Erdtree's primal vital energies—an aspect of the primordial crucible, where all life was once blended together.",0,27,0,1,18,-,38,-,-,-,-,-,-,-,-,-,-,-,-,-,No,No,White,No,No,16,7510,06614,75106,4,28,20,303050
Elden Stars,Incantation,#REF!,Creates a stream of golden shooting stars that assail the area,"This legendary incantation is the most ancient of those that derive from the Erdtree.

Creates a stream of golden shooting stars that assail the area.

It is said that long ago, the Greater Will sent a golden star bearing a beast into the Lands Between, which would later become the Elden Ring.",0,50,0,2,41,-,48,-,-,-,-,-,-,-,-,-,-,-,-,-,No,No,Gold,Yes,Yes,16,6720,06063,67202,4,0,20,303060
Black Blade,Incantation,#REF!,Black blade spinning slash that emits wave of light,"Power gleaned from the remembrance of Maliketh.

Caster creates an illusory black blade, then leaps forward to deliver a spinning slash that emits a wave of light.
This can be followed up with one additional attack.

This blade was once imbued with Destined Death. In addition to dealing damage, it reduces foes' maximum HP and continues to sap their current HP for a very short time.",0,46,0,2,26,-,44,-,-,-,-,-,-,-,-,-,-,-,-,-,No,No,Gold,No,No,16,7530,06712,75307,4,0,20,303070
Discus of Light,Incantation,#REF!,Fires ring of light before the caster,"One of the incantations of the Golden Order fundamentalists.

Produces a ring of light and fires it forwards. The ring of light returns to a position close to the caster before disappearing.
This incantation can be cast repeatedly.

A gift from the young Miquella to his father, Radagon.",13,13,0,1,3,-,20,-,-,-,-,-,-,-,-,-,-,-,Golden Order Seal,-,No,No,White,No,Yes,16,6700,06252,67003,4,24,20,304000
Triple Rings of Light,Incantation,#REF!,Fires three rings of light before the caster,"One of the incantations of the Golden Order fundamentalists.

Produces three rings of light and fires them forwards. The rings of light return to a position close to the caster before disappearing.
This incantation can be cast repeatedly.

A gift from the young Miquella to his father, Radagon.",23,23,0,1,23,-,28,-,-,-,-,-,-,-,-,-,-,-,Golden Order Seal,-,No,No,White,No,Yes,16,6701,06061,67014,4,24,20,304010
Radagon's Rings of Light,Incantation,#REF!,Creates golden ring of light to attack wide area,"One of the incantations of the Golden Order fundamentalists.
A gift of gratitude to the young Miquella from his father, Radagon.

Produces a golden ring of light and fires it across a wide area.
Charging enhances range.

And yet, the young Miquella abandoned fundamentalism, for it could do nothing to treat Malenia's accursed rot. This was the beginning of unalloyed gold.",31,31,0,1,21,-,37,-,-,-,-,-,-,-,-,-,-,-,Golden Order Seal,-,No,No,White,No,Yes,16,6710,06062,67105,4,24,20,304020
Litany of Proper Death,Incantation,#REF!,Creates image of Order to deal holy damage,"One of the incantations of the Golden Order fundamentalists.
Used by hunters of Those Who Live in Death.

Creates an image of Order, dealing holy damage to nearby foes. This incantation is especially damaging to Those Who Live in Death. Any felled by this incantation cannot be revived.

The role of the hunters is to stamp out defiled reason—all for the perfection of the Golden Order.",17,17,0,1,17,-,28,-,-,-,-,-,-,-,-,-,-,-,Golden Order Seal,-,No,No,White,No,Yes,16,6750,06256,67500,4,24,20,304030
Order Healing,Incantation,#REF!,Alleviates death blight buildup,"One of the incantations of the Golden Order fundamentalists.
Used by hunters of Those Who Live in Death.

Alleviates death blight buildup.

The noble Goldmask lamented what had become of the hunters. How easy it is for learning and learnedness to be reduced to the ravings of fanatics; all the good and the great wanted, in their foolishness, was an absolute evil to contend with.

Does such a notion exist in the fundamentals of Order?",11,11,0,1,15,-,10,-,-,-,-,-,-,-,-,-,-,-,Golden Order Seal,-,No,No,White,No,Yes,18,6780,06068,-,4,24,20,304040
Order's Blade,Incantation,#REF!,Enchants right-hand armament with holy damage,"One of the incantations of the Golden Order fundamentalists.
Used by hunters of Those Who Live in Death.

Enchants armament held in the right hand with holy-affinity attacks. This incantation is especially damaging to Those Who Live in Death. Any felled by this incantation cannot be revived.

The role of the hunters is to stamp out defiled reason—all for the perfection of the Golden Order.",13,13,0,1,22,-,10,-,-,-,-,-,-,-,-,-,-,-,Golden Order Seal,-,Yes,No,White,No,No,18,6770,06067,-,4,24,20,304050
Immutable Shield,Incantation,#REF!,Increases left-hand shield's affinity/ailment resistance,"One of the incantations of the Golden Order fundamentalists.

Enchants shield held in the left hand with the light of regression, increasing all forms of non-physical damage negation and ailment resistance.

Two concepts form the basis for Golden Order fundamentalism. One is the law of regression, to which this incantation relates.",19,19,0,1,15,-,10,-,-,-,-,-,-,-,-,-,-,-,Golden Order Seal,-,No,Yes,White,No,No,18,6740,06065,-,4,24,20,304060
Law of Causality,Incantation,#REF!,Retaliates upon receiving a number of blows,"One of the incantations of the Golden Order fundamentalists.
One of the key fundamentals.

Manifests a small ring of causality within that allows the caster to automatically retaliate upon receiving a certain number of blows.

The fundamentalists describe the Golden Order through the powers of regression and causality. Causality is the pull between meanings; that which links all things in a chain of relation.",29,0,0,1,22,-,20,-,-,-,-,-,-,-,-,-,-,-,Golden Order Seal,-,No,No,Purple,No,Yes,18,6760,06066,-,4,24,20,304070
Law of Regression,Incantation,#REF!,Heals all ailments and dispels all special effects,"Incantation of the Golden Order fundamentalists.
One of the key fundamentals.

Heals all negative statuses, dispels special effects, and reveals mimicry in all its forms.

The fundamentalists describe the Golden Order through the powers of regression and causality. Regression is the pull of meaning; that all things yearn eternally to converge.",37,0,0,1,55,-,50,-,-,-,-,-,-,-,-,-,-,-,Golden Order Seal,-,No,No,Purple,No,Yes,18,6730,06064,-,4,24,20,304080
Lightning Spear,Incantation,#REF!,Hurls lightning spear before caster,"One of the incantations of the capital's ancient dragon cult.

Summons a lightning spear and hurls it before the caster.
Charging causes a lightning bolt to strike the point of impact.

Long ago, Godwyn the Golden defeated the ancient dragon Fortissax, and befriended his fallen foe—an event that gave rise to the ancient dragon cult in the capital.",0,17,0,1,18,-,28,-,-,-,-,-,-,-,-,-,-,-,Gravel Stone Seal,-,No,No,White,No,Yes,16,6900,06406,69006,4,22,30,305000
Lightning Strike,Incantation,#REF!,Summons lightning bolt that spreads from impact,"One of the incantations of the capital's ancient dragon cult.

Summons a bolt of lightning that scatters and spreads around the surrounding area.
This incantation can be cast repeatedly.

Ancestors of the modern dragons, the ancient dragons had scales of Gravel Stone and wielded lightning as their weapon. It is said that once they attacked Leyndell, the Royal Capital.",0,28,0,1,19,-,32,-,-,-,-,-,-,-,-,-,-,-,Gravel Stone Seal,-,No,No,White,No,Yes,16,6920,06408,69201,4,22,30,305010
Honed Bolt,Incantation,#REF!,Strikes foe with lightning bolt from above,"One of the incantations of the capital's ancient dragon cult.

Summons a bolt of lightning to strike foes from above.
This incantation can be cast repeatedly.

Long ago, Godwyn the Golden defeated the ancient dragon Fortissax, and befriended his fallen foe—an event that gave rise to the ancient dragon cult in the capital.",0,24,0,1,12,-,29,-,-,-,-,-,-,-,-,-,-,-,Gravel Stone Seal,-,No,No,White,No,Yes,16,6930,06073,69301,4,22,30,305020
Ancient Dragons' Lightning Spear,Incantation,#REF!,Stabs with red lightning spear from above,"A secret incantation of the capital's ancient dragon cult.

Creates a spear of red lightning and stabs it into the ground from above. On impact, the spear will burst into trails of lightning covering the area.

Spoken of in legend, red lightning is the weapon wielded by the ancient dragons.",0,32,0,1,25,-,29,-,-,-,-,-,-,-,-,-,-,-,Gravel Stone Seal,-,No,No,Purple,No,No,16,6940,06074,69402,4,22,30,305030
Ancient Dragons' Lightning Strike,Incantation,#REF!,Summons red lightning that spreads from impact,"A secret incantation of the capital's ancient dragon cult.

Summons a red bolt of lightning that scatters and spreads around the surrounding area.
Charging enhances the range of the lightning bolt.

Spoken of in legend, red lightning is the weapon wielded by the ancient dragons.",0,26,0,1,36,-,31,-,-,-,-,-,-,-,-,-,-,-,Gravel Stone Seal,-,No,No,Purple,No,Yes,16,6910,06069,69106,4,22,30,305040
Lansseax's Glaive,Incantation,#REF!,Sweeps from above with red lightning glaive,"Incantation that channels the power of the ancient dragon Lansseax.

Creates a red-lightning glaive and sweeps the area from above. This attack unleashes trails of lightning.

Lansseax was the sister of Fortissax. It is said that she took the form of a human to commune with the knights as a priestess of the ancient dragon cult.",0,40,0,1,22,-,45,-,-,-,-,-,-,-,-,-,-,-,Gravel Stone Seal,-,No,No,Purple,No,No,16,6950,06076,69502,4,22,30,305050
Fortissax's Lightning Spear,Incantation,#REF!,Stabs from above with two red lightning spears in tandem,"Incantation that channels the power of the ancient dragon Fortissax.

Creates two spears of red lightning and stabs them into the ground from above, one after another. On impact, each spear will burst into trails of lightning covering the area.

During the War of the Ancient Dragons, these twin red lightning stakes were the hallmark of one ancient dragon who was called the mightiest boulderstone.",0,46,0,1,35,-,42,-,-,-,-,-,-,-,-,-,-,-,Gravel Stone Seal,-,No,No,Gold,No,No,16,6941,06075,69417,4,22,30,305060
Frozen Lightning Spear,Incantation,#REF!,Stabs with ice lightning spear from above,"Incantation that channels the power of the Dragonkin Soldiers.

Creates a spear of ice lightning and stabs it into the ground from above. On impact, the spear will burst into trails of lightning advancing forwards.

The Dragonkin were born in the Eternal City, where they knew no true sky, nor true lightning. Instead, ice lightning was their weapon.",0,34,0,1,29,-,39,-,-,-,120,-,-,-,-,-,-,-,Gravel Stone Seal,-,No,No,White,No,No,16,6921,06072,69211,4,22,30,305070
Death Lightning,Incantation,#REF!,Strikes surroundings with storm of death lightning,"Incantation that channels the power of the ancient dragon Fortissax, now corrupted by Death.

Strikes surroundings with a storm of Death lightning.
Inflicts Death blight upon foes.
Charging extends duration of the storm.

It said that this golden lightning was wielded by Godwyn, who befriended Fortissax.",0,47,0,2,28,-,32,-,-,-,-,-,30,50,-,-,-,-,Gravel Stone Seal,-,No,No,Gold,No,Yes,16,5040,06104,50407,4,22,30,305080
Electrify Armament,Incantation,#REF!,Enchants right-hand armament with lightning damage,"One of the incantations of the capital's ancient dragon cult.

Enchants armament held in the right hand with lightning-affinity attacks.

Long ago, Godwyn the Golden defeated the ancient dragon Fortissax, and befriended his fallen foe—an event that gave rise to the ancient dragon cult in the capital.",0,15,0,1,27,-,10,-,-,-,-,-,-,-,-,-,-,-,Gravel Stone Seal,-,Yes,No,White,No,No,18,6960,06077,-,4,22,30,305090
Dragonbolt Blessing,Incantation,#REF!,Bolsters caster's body with lightning,"Superior incantation of the capital's ancient dragon cult.

Summons lightning to bolster the caster's body. Attacks become easier to deflect and resistance to all ailments is increased. However, lightning damage negation will be reduced.

Only those loved by dragons can survive the ordeal of cladding their bodies in lightning.",0,21,0,1,20,-,20,-,-,-,-,-,-,-,-,-,-,-,Gravel Stone Seal,-,No,No,White,No,Yes,18,6971,06079,-,4,22,30,305100
Vyke's Dragonbolt,Incantation,#REF!,Bolsters right-hand armament & body with red lightning,"Incantation of Vyke, knight of the Roundtable Hold.

Summons red lightning to bolster both the caster's body and their armament held in the right hand. Enchants armament with lightning-affinity attacks and increases maximum equipment load. However, lightning damage negation will be reduced.

Of all the knights, Vyke the Dragonspear was the one Lansseax loved the most.",0,23,0,1,35,-,20,-,-,-,-,-,-,-,-,-,-,-,Gravel Stone Seal,-,Yes,No,Purple,No,No,18,6970,06078,-,4,22,30,305110
Catch Flame,Incantation,#REF!,Momentarily sparks flame from hand,"Incantation originating from a sinister prophecy.

Momentarily sparks flame from the caster's hand.
This incantation can be cast without delay after performing another action.

The flame of ruin is anathema to the Erdtree. But prophets sometimes glimpse it within the faith all the same. Sadly when this occurs their sole reward is banishment.",0,8,0,1,10,-,17,-,-,-,-,-,-,-,-,-,-,-,-,-,No,No,White,No,Yes,16,6000,06200,60001,4,0,40,306000
"O, Flame!",Incantation,#REF!,Momentarily sparks roaring flame from hand,"Incantation of the Fire Monks.

Momentarily sparks roaring flame from the caster's hand.
Charging enhances potency.

The Giants' Flame still smolders upon the distant northern mountaintop, and the Fire Monks are its guardians.",0,16,0,1,16,-,24,-,-,-,-,-,-,-,-,-,-,-,Giant's Seal,-,No,No,White,No,Yes,0,6001,06201,60016,4,21,40,306010
Flame Sling,Incantation,#REF!,Throws ball of raging fire,"Incantation originating from a sinister prophecy.

Throws a ball of raging fire.
Charging enhances potency and causes the ball of fire to explode.

The flame of ruin is anathema to the Erdtree. But prophets sometimes glimpse it within the faith all the same. Sadly when this occurs their sole reward is banishment.",0,10,0,1,11,-,22,-,-,-,-,-,-,-,-,-,-,-,-,-,No,No,White,No,Yes,16,6010,06202,60103,4,0,40,306020
Giantsflame Take Thee,Incantation,#REF!,Hurls massive ball of raging fire,"One of the incantations that draws directly from the power of the Fire Giants.

Hurls a massive ball of raging fire.
Charging enhances potency and causes the ball of fire to explode.

There is no record of this incantation in common prayerbooks. Only a select few prelates know of its existence.",0,30,0,2,30,-,34,-,-,-,-,-,-,-,-,-,-,-,Giant's Seal,-,No,No,Purple,No,Yes,16,6100,06204,61005,4,21,40,306030
"Flame, Fall Upon Them",Incantation,#REF!,Hurls several balls of fire at once,"One of the incantations that draws directly from the power of the Fire Giants.

Hurls several balls of fire at once.
Charging enhances potency and causes the balls of fire to explode.

There is no record of this incantation in common prayerbooks. Only a select few prelates know of its existence.",0,28,0,1,16,-,10,-,-,-,-,-,-,-,-,-,-,-,Giant's Seal,-,No,No,Purple,No,Yes,0,6020,06206,60207,4,21,40,306040
Flame of the Fell God,Incantation,#REF!,Summons raging fireball that explodes and sets the area ablaze,"This legendary incantation is one of several that draws directly from the power of the Fire Giants.

Releases a ball of raging fire said to be inhabited by a fell god. The fireball floats toward enemies and explodes, setting the area ablaze.

Arghanthy, the chief guardian of the Flame, had kept this incantation a well-kept secret until it was stolen by Adan. The fell god still lurks within the Fire Giants.",0,41,0,2,34,-,42,-,-,-,-,-,-,-,-,-,-,-,Giant's Seal,-,No,No,Gold,Yes,Yes,16,6110,06207,61101,4,21,40,306050
"Surge, O Flame!",Incantation,#REF!,Incinerates area before caster with stream of fire,"Superior incantation of the Fire Monks.

Creates a stream of fire to burn the area before the caster.
This incantation can be cast while in motion. Hold to maintain the effect.

The Giants' Flame is the flame of ruin, capable of burning the Erdtree. And so, following the War against the Giants, its ruinous blaze was sealed, and guardians were appointed to watch over it.",0,9,0,1,1,1,2,-,-,-,-,-,-,-,-,-,-,-,Giant's Seal,-,No,No,White,No,Yes,0,6220,06208,62200,4,21,40,306060
"Whirl, O Flame!",Incantation,#REF!,Sweeps area before caster with stream of fire,"Superior incantation of the Fire Monks.

Creates a spiraling stream of fire that burns the area before the caster.
Charging enhances potency and reach.

Fire beguiles those who gaze into it. And so the guardians of the Flame are also its worshippers.",0,13,0,1,19,-,26,-,-,-,-,-,-,-,-,-,-,-,Giant's Seal,-,No,No,White,No,Yes,0,6030,06209,60305,4,21,40,306070
"Burn, O Flame!",Incantation,#REF!,Raises a series of flame pillars around caster,"One of the incantations that draws directly from the power of the Fire Giants.

Raises a series of flame pillars around the caster.
Charging further increases the number of flame pillars.

The Fire Giants borrowed from the power of a fell god, and still they were defeated. Yet their failure released them from their solitary curse: to serve as keepers of the Flame for eternity.",0,27,0,1,26,-,36,-,-,-,-,-,-,-,-,-,-,-,Giant's Seal,-,No,No,Gold,No,No,0,6120,06211,61203,4,21,40,306080
"Flame, Cleanse Me",Incantation,#REF!,Alleviates buildup & cures poison and scarlet rot,"One of the incantations of the Fire Monks.

Creates a fire within that burns away toxins.
Alleviates poison and scarlet rot buildup and cures these ailments.

This incantation leaves the caster with subtle burns—a reminder that they must fear the flame.",0,12,0,1,14,-,10,-,-,-,-,-,-,-,-,-,-,-,Giant's Seal,-,No,No,White,No,Yes,0,6040,06303,-,4,21,40,306090
"Flame, Protect Me",Incantation,#REF!,Greatly increases fire damage negation,"The most ancient of the Fire Monks' incantations.

Creates a fire within that greatly increases fire damage negation.

It is said that this incantation was used during the War against the Giants long ago, during which it protected the champions of the Erdtree.",0,24,0,1,30,-,20,-,-,-,-,-,-,-,-,-,-,-,Giant's Seal,-,No,No,White,No,Yes,0,6060,06309,-,4,21,40,306100
"Flame, Grant Me Strength",Incantation,#REF!,Raises physical and fire-affinity attack power,"Superior incantation of the Fire Monks.

Creates an invigorating fire within that enhances physical and fire-affinity attack power.

This incantation does not burn the caster, and so it is considered forbidden by the guardians of the Flame.",0,15,0,1,28,-,16,-,-,-,-,-,-,-,-,-,-,-,Giant's Seal,-,No,No,White,No,Yes,0,6050,06308,-,4,21,40,306110
Fire's Deadly Sin,Incantation,#REF!,Sets area and self ablaze with raging flames,"Incantation originating from a deeply ominous prophecy.

Sets both the caster and the surrounding area ablaze with raging flames. The caster's body will remain engulfed in flame for a while, burning them and any who draw near. Charging enhances potency.

The prophet despaired, looking up at the Erdtree, for soon the kindling would burst into flame, bringing ruin.

""The burning of the Erdtree is the first cardinal sin. That is not the domain of mere men.""",0,19,0,1,26,-,28,-,-,-,-,-,-,-,-,-,-,-,-,-,No,No,Purple,No,No,16,7900,06060,79006,4,0,40,306120
Black Flame,Incantation,#REF!,Throws a ball of raging black fire,"A black flame incantation of the Godskin Apostles.

Throws a ball of raging black fire.
Charging enhances potency and causes the fireball to explode.

Black flame is weighty. After dealing damage it continues to sap foes' HP for a very short time.",0,20,0,1,18,-,25,-,-,-,-,-,-,-,-,-,-,-,Godslayer's Seal,-,No,No,White,No,Yes,16,6210,06203,62106,4,20,50,307000
Scouring Black Flame,Incantation,#REF!,Sweeps area before caster with black flame,"A black flame incantation of the Godskin Apostles.

Sweeps a wide area before the caster with black flame.
Charging enhances range.

The black flame could once slay gods. But when Maliketh sealed Destined Death, the true power of the black flame was lost.",0,28,0,1,21,-,29,-,-,-,-,-,-,-,-,-,-,-,Godslayer's Seal,-,No,No,White,No,Yes,16,6230,06210,62305,4,20,50,307010
Black Flame Ritual,Incantation,#REF!,Summons circle of black flame pillars around caster,"Superior black flame incantation of the Godskin Apostles.

Summons a circle of black flame pillars around the caster.
Charging increases the size of the circle.

The Gloam-Eyed Queen led the apostles. It is said that she was an Empyrean chosen by the Fingers.",0,42,0,1,30,-,39,-,-,-,-,-,-,-,-,-,-,-,Godslayer's Seal,-,No,No,Purple,No,Yes,16,6240,06214,62508,4,20,50,307020
Black Flame Blade,Incantation,#REF!,Enchants right-hand armament with black flame,"A black flame incantation of the Godskin Apostles.

Engulfs armament held in the right hand with black flame.
This incantation can be cast without delay after performing another action.

Black flame is weighty. After dealing damage it continues to sap foes' HP for a very short time.",0,17,0,1,15,-,10,-,-,-,-,-,-,-,-,-,-,-,Godslayer's Seal,-,Yes,No,White,No,No,18,6250,06306,-,4,20,50,307030
Black Flame's Protection,Incantation,#REF!,Increases physical damage negation,"A black flame incantation of the Godskin Apostles.

Summons black fire within, increasing physical damage negation. However, sacred flasks and other such forms of HP restoration are impaired.

The Apostles were all embraced by the Gloam-Eyed Queen, and the black flame was their armor within.",0,30,0,1,30,-,13,-,-,-,-,-,-,-,-,-,-,-,Godslayer's Seal,-,No,No,White,No,Yes,18,6260,06310,-,4,20,50,307040
Noble Presence,Incantation,#REF!,Thrust out belly with gusto to unleash repelling shockwave,"Ancient power of the Godskin Nobles.

Thrust out belly with gusto to produce a shockwave that knocks back nearby foes.
Charging enhances potency, knocking enemies into the air.

Once a sign of the gods' wrath, this incantation became a trophy of the Nobles' god hunt.",0,26,0,1,20,-,28,-,-,-,-,-,-,-,-,-,-,-,-,-,No,No,White,No,No,16,6270,06055,-,4,27,50,307050
Beast Claw,Incantation,#REF!,Creates beast claws that tear through the land,"Incantation taught by Gurranq, the Beast Clergyman.

Creates beast claws that rend the land with shockwaves.
Charging enhances potency.

This incantation represents the fury of Gurranq, his bestial nature returned, as much as it does his restless agitation.",0,8,0,1,10,-,27,-,-,-,-,-,-,-,-,-,-,-,Clawmark Seal,-,No,No,White,No,Yes,16,6820,06402,68206,4,23,50,308000
Gurranq's Beast Claw,Incantation,#REF!,Creates beast claws to rend surroundings with shockwaves,"Superior incantation taught by Gurranq, the Beast Clergyman.

Creates beast claws that rend surroundings with shockwaves.

Long ago, Gurranq was a beast of such terrifying ferocity that his former name meant ""Death of the Demigods.""",0,15,0,1,21,-,42,-,-,-,-,-,-,-,-,-,-,-,Clawmark Seal,-,No,No,Purple,No,No,16,6830,06403,68300,4,23,50,308010
Bestial Sling,Incantation,#REF!,Swiftly flings numerous sharp rock shards,"Incantation taught by Gurranq, the Beast Clergyman.

Swiftly flings a number of sharp rock shards.
This incantation can be cast without delay after performing another action.

It is said that in the time before the Erdtree, stones were the first weapons of the beasts who had gained intelligence.",0,10,0,1,7,-,19,-,-,-,-,-,-,-,-,-,-,-,Clawmark Seal,-,No,No,White,No,Yes,16,6800,06400,68000,4,23,50,308020
Stone of Gurranq,Incantation,#REF!,Hurls a boulder before the caster,"Superior incantation taught by Gurranq, the Beast Clergyman.

Hurls a boulder before the caster.
This incantation can be cast repeatedly.

Long ago, Gurranq was a beast of such terrifying ferocity that his former name meant ""Death of the Demigods.""",0,13,0,1,15,-,37,-,-,-,-,-,-,-,-,-,-,-,Clawmark Seal,-,No,No,Purple,No,Yes,16,6810,06401,68101,4,23,50,308030
Bestial Constitution,Incantation,#REF!,Alleviates blood loss and frost buildup,"Incantation taught by Gurranq, the Beast Clergyman.

Fills the body with bestial vigor, alleviating buildup of frost and blood loss.

Having gained intelligence, the beasts must have felt how their wildness slipped away as civilization took hold.",0,9,0,1,10,-,10,-,-,-,-,-,-,-,-,-,-,-,Clawmark Seal,-,No,No,White,No,Yes,18,6850,06503,-,4,23,50,308040
Bestial Vitality,Incantation,#REF!,Heals HP over a period of time,"Incantation taught by Gurranq, the Beast Clergyman.

Fills the body with bestial vigor, restoring HP over a period of time.

Having gained intelligence, the beasts must have felt how their wildness slipped away as civilization took hold.",0,12,0,1,18,-,10,-,-,-,-,-,-,-,-,-,-,-,Clawmark Seal,-,No,No,White,No,Yes,18,6840,06500,-,4,23,50,308050
Swarm of Flies,Incantation,#REF!,Releases a swarm of bloodflies before caster,"A Blood Oath incantation, shared from the Lord of Blood's power.

Releases a swarm of bloodflies before the caster to assault foes. The vile swarm deals damage and builds up onset of blood loss.
This incantation can be cast while in motion.

The new palace of the Lord of Blood lies in a swamp of festering blood, and these flies are said to spawn from excrement in that land.",0,11,16,1,14,-,24,-,-,-,-,-,-,-,-,-,-,-,-,-,No,No,White,No,Yes,16,7210,06611,72101,4,0,60,309000
Bloodflame Talons,Incantation,#REF!,Creates bloodflame lacerations that then explode,"A Blood Oath incantation, granted by the Lord of Blood.

Creates bloodflame lacerations before the caster, which explode in an instant.
This incantation can be cast repeatedly.

After dealing damage, bloodflame continues to build up onset of blood loss for a very short time.",0,13,15,1,12,-,21,-,-,5,-,-,-,-,-,-,-,-,-,-,No,No,White,No,No,16,6300,06056,63000,4,0,60,309010
Bloodboon,Incantation,#REF!,Scatters bloodflame before caster to set area aflame,"Sacred incantation of Mohg, Lord of Blood.

Thrust arm into the body of the Formless Mother, then scatter the bloodflame to set the area ablaze.
This incantation can be cast while in motion.

The mother of truth craves wounds. When Mohg stood before her, deep underground, his accursed blood erupted with fire, and he was besotted with the defilement that he was born into.",0,14,17,1,13,-,34,-,-,3,-,-,-,-,-,-,-,-,-,-,No,No,Gold,No,No,16,6310,06254,63101,4,0,60,309020
Bloodflame Blade,Incantation,#REF!,Enchants right-hand armament with bloodflame,"A Blood Oath incantation, granted by the Lord of Blood.

Engulfs armament held in the right hand with bloodflame.
This incantation can be cast while in motion.

After dealing damage, bloodflame continues to build up onset of blood loss for a very short time.",0,12,10,1,20,-,10,-,-,2,-,-,-,-,-,-,-,-,-,-,Yes,No,White,No,No,18,6320,06307,-,4,0,60,309030
Poison Mist,Incantation,#REF!,Releases poison mist before caster,"Incantation of the servants of rot.

Releases a poisonous mist before the caster.
This incantation can be cast while in motion.

Those who dwell within poison know rot all too well. The death that begets life, that comes to all equally. That is to say: it is the cycle of rebirth put into practice.",0,12,0,1,18,-,10,20,-,-,-,-,-,-,-,-,-,-,-,-,No,No,White,No,Yes,18,7220,06610,-,4,0,60,310000
Poison Armament,Incantation,#REF!,Enchants right-hand armament with poison,"Incantation of the servants of rot.

Enchants armament held in the right hand with poison.
This incantation can be cast while in motion.

Those who dwell within poison know rot all too well. The death that begets life, that comes to all equally. That is to say: it is the cycle of rebirth put into practice.",0,10,0,1,15,-,10,70,-,-,-,-,-,-,-,-,-,-,-,-,Yes,No,White,No,No,18,7230,06612,-,4,0,60,310010
Pest Threads,Incantation,#REF!,Launches countless sticky threads before caster,"Incantation of the servants of rot.

Secretes countless sticky threads, launching them forwards.

A technique of the pale pests who crawl through the lands afflicted by scarlet rot; the abandoned children of the goddess.
""Do you have an interest in rot incantations?""",0,11,0,1,19,-,29,-,-,-,-,-,-,-,-,-,-,-,-,-,No,No,White,No,Yes,16,7200,06609,72000,4,0,60,310020
Scarlet Aeonia,Incantation,#REF!,Creates giant flower that explodes with scarlet rot,"Technique of Malenia, the Goddess of Rot.

Creates a gigantic flower that blooms into an explosion of scarlet rot.

Each time the scarlet flower blooms, Malenia's rot advances. It has bloomed twice already. With the third bloom, she will become a true goddess.",0,35,0,3,48,-,50,-,150 and 50,-,-,-,-,-,-,-,-,-,-,-,No,No,Gold,No,No,16,7240,06713,72402,4,0,60,310030
The Flame of Frenzy,Incantation,#REF!,Emits burst of yellow flame of frenzy from eyes,"Incantation originating from the maddening Three Fingers.

Causes the yellow flame of frenzy to burst forth from the caster's eyes.
Charging increases the range of the burst.

The flame of frenzy deals damage and causes buildup of madness. This incantation also causes buildup of madness in the caster, and is only effective against Tarnished.",0,16,0,1,16,-,30,-,-,-,-,-,-,-,21,28,4,-,Frenzied Flame Seal,-,No,No,White,No,Yes,16,7310,06095,73106,4,26,70,311000
Unendurable Frenzy,Incantation,#REF!,Emits violent burst of yellow flame of frenzy from eyes,"Incantation originating from the maddening Three Fingers.

Causes the yellow flame of frenzy to violently burst forth from the caster's eyes.
Hold to continue channeling the flame. This incantation can be used while in motion.

It is the maddening pain and unstoppable tears of those afflicted with the flame of frenzy brought into being.",0,31,0,1,22,6,40,-,-,-,-,-,-,-,40,-,3,-,Frenzied Flame Seal,-,No,No,Purple,No,No,16,7311,06096,73111,4,26,70,311010
Frenzied Burst,Incantation,#REF!,Emits concentrated blast of yellow flame of frenzy from eyes,"Incantation originating from the maddening Three Fingers.

Releases concentrated blasts of the yellow flame of frenzy from the caster's eyes.
Charging enhances potency, enabling the blasts to penetrate the enemy's guard.

In times past, every single person who attempted to control the flame of frenzy succumbed to madness after a desperate internal struggle. This incantation is testament to a meager victory.",0,22,0,1,24,-,33,-,-,-,-,-,-,-,90,105,20,30,Frenzied Flame Seal,-,No,No,White,No,Yes,16,7320,06097,73205,4,26,70,311020
Howl of Shabriri,Incantation,#REF!,"Shrieks, building up madness in nearby foes","Incantation originating from the maddening Three Fingers.

Releases a maddening shriek that causes madness buildup in foes nearby.
This incantation also causes madness buildup in the caster and makes enemies more likely to target them.

It is said that the sickness of the flame of frenzy began with Shabriri, the most reviled man in all history.",0,33,0,1,21,-,38,-,-,-,-,-,-,-,35,-,6,-,Frenzied Flame Seal,-,No,No,Purple,No,No,16,7330,06098,73300,4,26,70,311030
Inescapable Frenzy,Incantation,#REF!,Latches onto foes to spread madness,"Incantation originating from the maddening Three Fingers.

Causes the yellow flame of frenzy to blaze from the caster's eyes. The caster then latches onto foes, spreading the madness.
This incantation also causes buildup of madness in the caster, and is only effective against Tarnished.

To gaze into one another's eyes is truly the most intimate form of human contact.",0,21,0,1,32,-,31,-,-,-,-,-,-,-,50,-,14 and 9,-,Frenzied Flame Seal,-,No,No,Purple,No,No,16,7300,06094,73000,4,26,70,311040
Dragonfire,Incantation,#REF!,Channels dragon to spew flame breath,"One of the incantations of Dragon Communion.

Transforms caster into a dragon to spew flaming breath.
Charging extends duration.

Incantation of those who have hunted dragons and feasted upon their hearts. Theirs is a pure and overwhelming power.",0,15,12,1,28,4,40,-,-,-,-,-,-,-,-,-,-,-,Dragon Communion Seal,-,No,No,White,No,Yes,16,7000,06080,70000,4,25,80,312000
Agheel's Flame,Incantation,#REF!,Spews flame breath of Agheel from above,"Superior incantation of Dragon Communion.
Channels the power of the flying dragon Agheel.

Transforms caster into a dragon to spew flaming breath from above.
Charging extends duration. This incantation can be used while jumping.

The dead gazed at the skies over the lakes of Limgrave, praying that the dragons' flames would burn them to ash.",0,23,15,1,36,6,60,-,-,-,-,-,-,-,-,-,-,-,Dragon Communion Seal,-,No,No,Purple,No,No,16,7001,06081,70010,4,25,80,312010
Magma Breath,Incantation,#REF!,Channels wyrm to spew magma breath,"One of the incantations of Dragon Communion.

Transforms caster into a wyrm to spew magma breath.
Allows one follow-up attack.

Those who have performed the Dragon Communion will find their humanity slowly slipping away. Once they fully succumb to their fate, they are left no more than wyrms that crawl the earth.",0,14,10,1,30,-,40,-,-,-,-,-,-,-,-,-,-,-,Dragon Communion Seal,-,No,No,White,No,Yes,16,7010,06082,70102,4,25,80,312020
Theodorix's Magma,Incantation,#REF!,Spews magma breath of Theodorix from above,"Superior incantation of Dragon Communion.
Channels the power of the great wyrm Theodorix.

Transforms caster into a great wyrm to spew a large volume of magma breath.
Allows one follow-up attack.

The name of the ancient troll warrior Theodorix lives on—as a hero of the War against the Giants.",0,21,14,1,45,-,60,-,-,-,-,-,-,-,-,-,-,-,Dragon Communion Seal,-,No,No,Purple,No,Yes,16,7011,06105,70112,4,25,80,312030
Glintstone Breath,Incantation,#REF!,Channels dragon to spew magic breath,"One of the incantations of Dragon Communion.

Transforms caster into a dragon to spew magic breath.
Charging extends duration.

Those extraordinary individuals who perpetuate Dragon Communion are called the dragon-hearted.",0,15,12,1,28,4,40,-,-,-,-,-,-,-,-,-,-,-,Dragon Communion Seal,-,No,No,White,No,Yes,16,7040,06087,70400,4,25,80,312040
Smarag's Glintstone Breath,Incantation,#REF!,Spews magic breath of Glintstone Dragon Smarag from above,"Superior incantation of Dragon Communion.
Channels the power of Smarag, the Glintstone Dragon.

Transforms caster into a dragon to spew magic breath from above.
Charging extends duration. This incantation can be cast while jumping.

Smarag was a devourer of sorcerers, and over time, his body became corrupted by their glintstones.",0,23,15,1,36,6,60,-,-,-,-,-,-,-,-,-,-,-,Dragon Communion Seal,-,No,No,Purple,No,No,16,7041,06088,70410,4,25,80,312050
Rotten Breath,Incantation,#REF!,Channels dragon to spew scarlet rot breath,"One of the incantations of Dragon Communion.

Transforms caster into a dragon to spew scarlet rot breath.
Charging extends duration.

Those extraordinary individuals who perpetuate Dragon Communion are called the dragon-hearted.",0,15,12,1,36,4,48,-,65,-,-,-,-,-,-,-,-,-,Dragon Communion Seal,-,No,No,White,No,Yes,16,7030,06085,70300,4,25,80,312060
Ekzykes's Decay,Incantation,#REF!,Spews scarlet rot breath of Ekzykes from above,"Superior incantation of Dragon Communion.
Channels the power of Ekzykes, the Decaying.

Transforms caster into a dragon to spew scarlet rot breath from above.
Charging extends duration. This incantation can be cast while jumping.

Ekzykes, Dragon Communion Revenger, did not forget his hatred even as he succumbed to the scarlet rot.",0,23,15,1,48,6,60,-,65,-,-,-,-,-,-,-,-,-,Dragon Communion Seal,-,No,No,Purple,No,No,16,7031,06086,70310,4,25,80,312070
Dragonice,Incantation,#REF!,Channels dragon to spew icy breath,"One of the incantations of Dragon Communion.

Transforms caster into a dragon to spew icy breath.
Charging extends duration.

Those extraordinary individuals who perpetuate Dragon Communion are called the dragon-hearted.",0,15,12,1,36,4,48,-,-,-,110,-,-,-,-,-,-,-,Dragon Communion Seal,-,No,No,White,No,Yes,16,7020,06083,70200,4,25,80,312080
Borealis's Mist,Incantation,#REF!,Spews icy breath of Borealis from above,"Superior incantation of Dragon Communion.
Channels the power of Borealis, the Freezing Fog.

Transforms caster into a dragon to spew icy breath from above.
Charging extends duration. This incantation can be cast while jumping.

The ice dragons were once lords of the mountaintops long ago, until they were defeated by the Fire Giants and chased from the peak.",0,23,15,1,48,6,60,-,-,-,110,-,-,-,-,-,-,-,Dragon Communion Seal,-,No,No,Purple,No,No,16,7021,06084,70210,4,25,80,312090
Placidusax's Ruin,Incantation,#REF!,Spews golden breath of Dragonlord Placidusax,"Power gleaned from the remembrance of Dragonlord Placidusax.

Transforms caster into the Dragonlord to spew golden breath from above.
This incantation can be cast while jumping.

These are the dying wails of the Dragonlord who once dwelled eternally beyond time.",0,36,0,3,62,-,75,-,-,-,-,-,-,-,-,-,-,-,-,-,No,No,Gold,No,No,16,7050,06089,70502,4,0,80,312100
Dragonclaw,Incantation,#REF!,Channels dragon to rend foes with dragon claws,"One of the incantations of Dragon Communion.

Transforms caster into a dragon to tear through foes with dragon claws.
Allows one follow-up attack.

Incantation of those who have hunted dragons and feasted upon their hearts. Theirs is a pure and overwhelming power.",0,17,13,1,24,-,35,-,-,-,-,-,-,-,-,-,-,-,Dragon Communion Seal,-,No,No,White,No,No,16,7060,06090,70606,4,25,80,312110
Dragonmaw,Incantation,#REF!,Channels dragon to bite foes before caster,"One of the incantations of Dragon Communion.

Transforms caster into a dragon to bite enemies before them.

Incantation of those who have hunted dragons and feasted upon their hearts. Theirs is a pure and overwhelming power.",0,24,16,1,34,-,50,-,-,-,-,-,-,-,-,-,-,-,Dragon Communion Seal,-,No,No,White,No,No,16,7080,06091,70800,4,25,80,312120
Greyoll's Roar,Incantation,#REF!,Emits the roar of Elder Dragon Greyoll,"Superior incantation of Dragon Communion.
Channels the power of Greyoll, the Elder Dragon.
An incantation of legendary status.

Transforms caster into a dragon to emit a terrible roar, reducing the attack power and defense of nearby enemies.

Greyoll was the mother of all dragons, dwarfing all who stood before her like a looming mountain.",0,28,17,2,50,-,72,-,-,-,-,-,-,-,-,-,-,-,Dragon Communion Seal,-,No,No,Gold,Yes,No,16,7090,06092,70900,4,25,80,312130